insert into movie (movie_id, movie_name, movie_length, movie_license_price, movie_rental_days, movie_age_restriction) values (13, '8T CRER5YLAKHOSDIUQ3NKKP33SIEXSS2FSG0NUUW U14ADS4SMSCCH1EWLWNUNJ', '4:46:50', 6, 11, '  2');

insert into movie (movie_id, movie_name, movie_length, movie_license_price, movie_rental_days, movie_age_restriction) values (19, '40WCN1 MSQ1G5SMN14Y6I0RPJD3E6 S1NG0IAEGCN42TIFKVP8CW3QFANN QACBK', '8:7:10', 16, 1, '  3');

insert into movie (movie_id, movie_name, movie_length, movie_license_price, movie_rental_days, movie_age_restriction) values (5, '60ONTD0JQ8Y5804GN887JQY2P0PP69NJXEN74SNMXF 8V15EPKM5YTGWXC8EQ3MC', '6:45:12', 8, 8, '  4');

insert into movie (movie_id, movie_name, movie_length, movie_license_price, movie_rental_days, movie_age_restriction) values (0, 'VGECRI78S7L6FCBOG2BSMG NLIR800T1N42JBQ7E WT64F6H6RVFGHP7O5YCT1A8', '5:57:35', 2, 16, '  5');

insert into movie (movie_id, movie_name, movie_length, movie_license_price, movie_rental_days, movie_age_restriction) values (8, 'N15TIGDSVPQF2BTH5VV4AMQMC2CUW6Q0UWVY3JQB3S40F2JTYQ78XVM0D4AAWLXE', '8:46:45', 1, 10, '  6');

insert into movie (movie_id, movie_name, movie_length, movie_license_price, movie_rental_days, movie_age_restriction) values (4, 'N24LO2J53ERGLJBGYGEMKJS5MTV5XB3YH4SQTOURJ6CBOM83PH18JF7I4TRVSMFP', '7:11:43', 17, 13, '  7');

insert into movie (movie_id, movie_name, movie_length, movie_license_price, movie_rental_days, movie_age_restriction) values (3, '0SNWL4CI323H388X8OBHLCFQW8ENS8Y0OFL3EOUKW44EO8R1GUAS6XY49J02V3AF', '7:34:54', 11, 18, '  8');

insert into movie (movie_id, movie_name, movie_length, movie_license_price, movie_rental_days, movie_age_restriction) values (11, ' V 25IRB13FT14QOWN5UTS2YSR7DI4MQ 9U1 DFLSDM496EYMJGYTLKXGES5U9T5', '4:22:1', 14, 7, '  9');

insert into movie (movie_id, movie_name, movie_length, movie_license_price, movie_rental_days, movie_age_restriction) values (6, 'AY7A9OFAVECJRMQ0TR7INI72WBL6LVLRFN0NQ0H9SHUHPD4MRPVUWLR2T GORC2T', '3:1:39', 0, 6, '  A');

insert into movie (movie_id, movie_name, movie_length, movie_license_price, movie_rental_days, movie_age_restriction) values (14, 'W FOPE5KGAWVMF5QX9BJSOM9XD0CF6Q9F4L4S8PCQOJHM36VAYP3UKRV88K2A GQ', '0:0:0', 10, 12, '  B');

insert into movie (movie_id, movie_name, movie_length, movie_license_price, movie_rental_days, movie_age_restriction) values (7, 'B8X7NBJMBF3VB44PSCJ156TPQLE2LYI7W94P759JK29HET2GGVF5MFBPP 0V21PL', '2:26:58', 5, 17, '  C');

insert into movie (movie_id, movie_name, movie_length, movie_license_price, movie_rental_days, movie_age_restriction) values (10, 'VQQJ7D9JC53GCHJ8VXTHL5PECP3NPYUQT84TQRC ER4KCHGG59W5R8QS7VT73T6B', '3:48:18', 3, 9, '  D');

insert into movie (movie_id, movie_name, movie_length, movie_license_price, movie_rental_days, movie_age_restriction) values (18, '17R5L5FHHI8V6SQW0VEGG1I3QIW5GKYMADPFID7 MR0I8II7UA0VN0WX5QF4HV F', '3:33:12', 12, 4, '  E');

insert into movie (movie_id, movie_name, movie_length, movie_license_price, movie_rental_days, movie_age_restriction) values (1, 'BV4EY0HE XHXX6SINO140S1C2QWGY3MWC4F9JDKIJ2LULEJRT3I1H77F7ERDBF 6', '1:25:36', 4, 0, '  F');

insert into movie (movie_id, movie_name, movie_length, movie_license_price, movie_rental_days, movie_age_restriction) values (16, 'G5C9T4SX2GCVH5WXJS4BM7RS0HEOUBIBR3EJVXAMR9LWN1FFXLHGNVX2LJCRTK6S', '5:35:4', 15, 2, '  G');

insert into movie (movie_id, movie_name, movie_length, movie_license_price, movie_rental_days, movie_age_restriction) values (17, ' RNL1O4C8GKO8FTM7UTDBURXRXLCJ13DS 4KQ48V1ICIK6CCFV8I X2FGM2KM96T', '0:53:0', 19, 15, '  H');

insert into movie (movie_id, movie_name, movie_length, movie_license_price, movie_rental_days, movie_age_restriction) values (12, 'U1H5KCH3XMYLWIW8V4YYD4698T86BH5K1L3YWR0YFKIQKSNPP QX2F5FEYNOP947', '5:19:2', 7, 3, '  I');

insert into movie (movie_id, movie_name, movie_length, movie_license_price, movie_rental_days, movie_age_restriction) values (15, 'AIR5672M8OWDRKW01G39MHN9BSQMIWB2H0XCIAN2C8658 PF5X208R0L 7RBCTSE', '6:21:42', 18, 14, '   ');

insert into movie (movie_id, movie_name, movie_length, movie_license_price, movie_rental_days, movie_age_restriction) values (2, 'P0KPCS74COWCJW XBM27JFGBHT61CA5K93BHIN41JYQBXBE0JWBB8GR5HM2S6XXD', '0:15:51', 9, 19, '  0');

insert into movie (movie_id, movie_name, movie_length, movie_license_price, movie_rental_days, movie_age_restriction) values (9, 'ITDQ1RERWS1UFCR1LC A7KCUA21D1ERWAWCS6 1QH3SRMFOV1797R19L6HOYS1AL', '2:4:23', 13, 5, '  1');

insert into peoples (people_id, people_name) values (1, '46P778JQOYQ4S00U4YBL8CR17FG 7PDNV OADP2PIES ONWEFHJIYVYIPF8OM4C3');

insert into peoples (people_id, people_name) values (8, 'GP9OD87GV25XJ65C2OJXR VF937H90SRVMJ5ENMF5J3C5084CREHHYOJM2DA832C');

insert into peoples (people_id, people_name) values (0, 'XLEG7SKTAU7WT9SPMX5EW0HSK6D0RR2IIYW12P49M5CE30D5TQ6D38389J539EUX');

insert into peoples (people_id, people_name) values (9, 'TYEI94EA5VESPIXUN WL69 82DS2SR85XG ABROEFXC4VKWHHPJI6D7D4DASC3S9');

insert into peoples (people_id, people_name) values (5, 'EMJODBCTA26CEUT0P9246JS9ANLRLXBO6PDC7HVV1WM957P22SJSUW39THEGACY6');

insert into peoples (people_id, people_name) values (3, 'N13S 26PHJMIO2OVKHV6QE1Q0RT  32OLUXV7NW2GH 0S566644VVO2LKNW8BLRW');

insert into peoples (people_id, people_name) values (18, 'H4I5FTUU6GDULVX264QL30H80MSJK33UWR8 98X4Y43Q2N50RPN 2TFD097QOWG8');

insert into peoples (people_id, people_name) values (6, 'JFP5UX8J27FH7CRPWGEB SFAOCYT126LA1D5QWP4C4CJWLHMBHY3 91UL88B6QIC');

insert into peoples (people_id, people_name) values (16, 'CINS5SRQ5SY7J0 KONQ 05RMILNKD9FF9W4GSW519G4I2S4A9R SHNMQ8IPTVAL1');

insert into peoples (people_id, people_name) values (15, 'ISPLU816FLJLCHJB 4116337BOBG1B8VS1 VI1S0GCXXOE2CRAD2V72UXY9BJWH5');

insert into peoples (people_id, people_name) values (7, 'IXTEMLOW7NUT8GLJDK8OUJTDDUW9YX4VGMUS160Y9LX8EKUUJNENHK7WW7HVAMTD');

insert into peoples (people_id, people_name) values (10, 'ABPONKIXHH970A6 XVAWQQAU80RYDXRR4M6VE0U3HV8A1L6 TFBV37SHS678E1W8');

insert into peoples (people_id, people_name) values (12, 'BNEURBGNH5TEX9FXI5HCVMEFOHR8BL6JVX14GCOW E4OIOI8J3GFGJV80GYODAXP');

insert into peoples (people_id, people_name) values (14, 'L8YFKGXNJQXM608CJ8LLLPWPQRHCXH7V5SMSMGSTYFNNYLPCWYMP18SJ74PGUXUO');

insert into peoples (people_id, people_name) values (13, 'AU00 HN3HG5FK3E8896X8JYFRHH1FJ0 CHRAQBUWC8AL04GQ1MAVXA0M4899KF Q');

insert into peoples (people_id, people_name) values (4, 'PNHYYLQA73XRKG6A61I4UNRWSM99HI2A934DO8I5CSRARHX8YNA681YKP55HFBUO');

insert into peoples (people_id, people_name) values (17, 'D53Y6V 54Q9XSD89B0JR6V3BSY5DR2KB8AB60MW34RS5QA93PC4DO1GK15 Q84S3');

insert into peoples (people_id, people_name) values (2, 'U ETQAXIJNUBGK8PQ8PYRU8 0JL2YTPSP5WJGXUMYWKYIJC6ESXTP251LACQ NPX');

insert into peoples (people_id, people_name) values (19, 'BL2B1VJ0CFMME74FFN9KX9 XW58UYVX8L1IJTBHVYJ6UD QWV58 R1MG7TFTUFDQ');

insert into peoples (people_id, people_name) values (11, '7R4N6GEL12SLFHT9DJQ5B52YMHCOFRH507ABQELBJ04A1Q5BYC43ATTGH0RV50V7');

insert into studios (studio_id, studio_name, studio_year_of_founding) values (8, 'FBTMTTMNR50O7RVVK0SQCA54EXJPRUNBE4SBXA83 SYI22I93FBUN86EX77GJN89', 1);

insert into studios (studio_id, studio_name, studio_year_of_founding) values (7, ' WQ0OHR8B98OSUR6HBM3TMJ0N8Y JLSSPUTYQ7YVOON7WCOC07QMYBIEP3C JF R', 2);

insert into studios (studio_id, studio_name, studio_year_of_founding) values (1, 'Y4I4BG2GUPXY1MI7YDCIDMAX6BBEDQ5V7VA48R8DS427VFHJYKXLTG1UXOC1RHLT', 13);

insert into studios (studio_id, studio_name, studio_year_of_founding) values (13, 'RC UFMP8URBHVRDTC5EXIIUPOW 85FC3WAVT1WJMOWHFN03IH7I5O3T9UW917JP3', 6);

insert into studios (studio_id, studio_name, studio_year_of_founding) values (6, '4UR69S I8QWI WFNLWQ3I2VN031NV NS8J8BO12S88EYILQU6JIVMWE2YBP8E5DQ', 7);

insert into studios (studio_id, studio_name, studio_year_of_founding) values (11, 'Y7V5GKXJDM1MPPV67FYE0MGWWWCM6WWNE409JWD90L5M4B8N2YXB3NS9VTI71EGE', 9);

insert into studios (studio_id, studio_name, studio_year_of_founding) values (4, 'JDHAWUNHXYQU0N4J7JD5SLKJHJ50J287THR0746XMHH716KGH PQQT1U T884S4E', 17);

insert into studios (studio_id, studio_name, studio_year_of_founding) values (17, 'AIREMQT WOIBSJTQRXIMROY EJXNN86CEWFPTFOXM29FQFR0UH14P9SEVRPGAP6F', 16);

insert into studios (studio_id, studio_name, studio_year_of_founding) values (19, ' WY1BG6F58QV1VWLCB5H7B1CEJWK3YHIWX3LG8US1N0KX0XAW7DVFRU975BY5NQK', 0);

insert into studios (studio_id, studio_name, studio_year_of_founding) values (14, 'JJBAXMTEANN8W9LUNSS4L8WIAIW3TMST54R4HWE6UYPHGP35LI QES4M UPV0QCK', 5);

insert into studios (studio_id, studio_name, studio_year_of_founding) values (18, 'C1F3S UUHR3QOL 772HNWHLGJSWJV4L7PBPPYMFTB1FDEFI9H3WB94LBYRX49OQ6', 8);

insert into studios (studio_id, studio_name, studio_year_of_founding) values (10, 'EG7QQ7VU1SLVOGR39DIS99P0 RX7GW7X8MHW0RHUUSQN24K7CTSTAV6 XPFI3OBT', 4);

insert into studios (studio_id, studio_name, studio_year_of_founding) values (12, '0WBMDHABOPYKDGVNC1IXXML42Q297CR3QC2E24G9DLTE1F0WSHM3TOCNFY1JDE68', 14);

insert into studios (studio_id, studio_name, studio_year_of_founding) values (3, 'IG2YPU89GREXQRRW2GXN4M PUEP2ER6O5UVGLQA5SXDRLGWV432N21UK9OSO0ETT', 11);

insert into studios (studio_id, studio_name, studio_year_of_founding) values (2, 'U57XUGRKX3M 2WI51KJJ4J93KK8UJYVHUU8AUERIGL7ECL2P1W5NRCNXGCQF84HI', 3);

insert into studios (studio_id, studio_name, studio_year_of_founding) values (5, '9C9UY5V9C5I1CDJS7XMVT6HGUA0H8G7216WNKEFMSJQWGEX4H758S7XMTVR QC Q', 12);

insert into studios (studio_id, studio_name, studio_year_of_founding) values (0, 'ARH81EK1AAM3OIWGFL FVN7DPADDKQ12GBSGVMI 1T57KUU0T0K5POEQLQPVALN ', 10);

insert into studios (studio_id, studio_name, studio_year_of_founding) values (16, 'TICEKFYD41 FBJEJ0SYF58RCFI8H4ADOA H2WPJOTQGXF 87Q2XSSND75GXD8SQB', 18);

insert into studios (studio_id, studio_name, studio_year_of_founding) values (9, 'P0CF1Y7Q5FBNLN8H57Q48GHDEM9O330JE1LIY7OED16DR214O3PNCBWIU0U5K6JN', 15);

insert into studios (studio_id, studio_name, studio_year_of_founding) values (15, 'W1FITDJE9QWMWC7NQ4YJT2TOU2WMVTDGY4 U1X9XIF225DXYU6D10AUM2MCFBP4H', 19);

insert into countries (country_id, country_name) values (2, 'VO58UWEUX0MPKMYV5RH K3D0EWOSHOR6W S887PFE0KGFQPU7RT5OBHQ1GOX1JEM');

insert into countries (country_id, country_name) values (5, 'I7WW0A44RU8KQJK042U68EFQSDHNRJVQRRXIG7PMQMJ64RU9UC994FQL85VXFNBP');

insert into countries (country_id, country_name) values (3, 'S8PP S75OJEU6W28RSJU5B0IELIT YCE1TE 6W6WB52CMDH692HL091UB4FC87IF');

insert into countries (country_id, country_name) values (11, 'PJAER4WB6APV3X92BH2H7B2APE2XEH66YLKPYJ26L48UVGPBTD1FK6475TIE9UPO');

insert into countries (country_id, country_name) values (16, 'OYF318 YWKLQH PF5N7A8BET41BTT9WKN89OT5E791FGNB7P YW6I7P1WIU1509S');

insert into countries (country_id, country_name) values (19, 'VLY5814RLMP7S1WTUR6QKB5PP71UJOCT6T5IOCAFJ283326OLPPD8MB15U7C3HOK');

insert into countries (country_id, country_name) values (9, 'FJ8WG913YCSKR6YUQEYF 0KK0BF3LDJ6VPH WNR2C QUGLTPMSPERD9HXUCD3P92');

insert into countries (country_id, country_name) values (0, 'ON3GYIX9D085V7KINUHC82SNEU798ECPG1RP8NBAEVVNA51KKNIQAIBVGP5BS3R4');

insert into countries (country_id, country_name) values (12, 'XCV6B0658528YL0DMOTUDK31UH2BUFLKIWFDL23P1MC3PP8FH0VXQCV0XWT1V8U3');

insert into countries (country_id, country_name) values (1, 'UYG45EA4P3A4KRALR WTBKWXFVNPYLD 9ACF9JJF06HSJJ6AD44BCHDNFQEI4OXO');

insert into countries (country_id, country_name) values (14, 'BOAA0P6DIVP0CNWDKSKJB SVLT91KBAIW6PJ3DVOSH0YCPANA3D1STGDSX5UV2WO');

insert into countries (country_id, country_name) values (8, 'WBLNTTH05GC M6UF3TE4WLWUI 24B7MQ8Y9L1EVYUPSYKYVP 3F1JCMF3XYCBB7U');

insert into countries (country_id, country_name) values (17, 'EC0LF 7P31QI2IMM4Y7 D9JRAJTRAVK9 AFAJBXMWVDVVYMG8CJ8MBGWM4QCRTT1');

insert into countries (country_id, country_name) values (4, 'IR557A8FXB44PB6YCJ3TLSI8HLEX2YR5JHMB846YEPGQ7HRC4I677QTQOWE6FGUT');

insert into countries (country_id, country_name) values (6, '880URHS8J 5K KBFRAPXIUCBNT PR C5Q 1R7O0TPLT2Y50CCM3YIB1 E4X9R2UF');

insert into countries (country_id, country_name) values (15, 'GRX07AIG6O EEIMPI1UWYS91YKAUQR8HA07SAEDH1Y VY5IXVRTVJ4JSAM0JXN0J');

insert into countries (country_id, country_name) values (13, 'LSQ5X9U3SWSE DWTQ86WO42NO3O54R8J9M4EWTK8TLIQYIJOGAG58OR2L 176JDQ');

insert into countries (country_id, country_name) values (7, '9OVKMD S71JFIIM0NU5NRFLAIFH9SBGBXRJ20CKFRSAWS1NCES0BUBSKR15KNPDT');

insert into countries (country_id, country_name) values (18, '9KQTRKFSHWB428B7RHE1 4 319OLB5NOKMP15QTXE476D7BF3 T6MHQXYUK9W3V5');

insert into countries (country_id, country_name) values (10, 'OB1K2KCPAPBUHMB PUTCP4AQO1KQAWMDR13546W4Q2GOYKVWXYGLJHACA5O934SX');

insert into genres (genre_id, genre_name) values (15, 'OM5OPJMFWD2NXVN94SP8FHXY2AD0VLU5K8ULW649YMOYW1LX6PSJW6C X FNGGGD');

insert into genres (genre_id, genre_name) values (12, 'ATNYSMOKJCIE661CRL34E8SAHJQRMG84W7WYW4ENXPU3G6YS093 69UUII42XYPI');

insert into genres (genre_id, genre_name) values (11, ' OOU 3RMKELRH0SR Q1OCMVLPROCJQLEWDK7K74LUL5OKB8EWLW8T7JA22O0NVOG');

insert into genres (genre_id, genre_name) values (0, '183RXECM1L0X2P0GOGF2VANOCSBHXR2E8MB0APOOD4M6QEOXPDNYITPO902GBW3F');

insert into genres (genre_id, genre_name) values (17, '56IA8KAMUQREUG N72LBPL13RRY9FS5HX8I1ANI6 DRJUT1M0G2067IR KKLQBX2');

insert into genres (genre_id, genre_name) values (4, 'LQO6BBM22V579X5M 9R0UXN7BON9T2PAL S9R548W4TDYUTWNMWPETDAO1 D8WXO');

insert into genres (genre_id, genre_name) values (19, 'DESDP35OO0K8J5LV8Y7LVCM55V5EO Y8DKKWXDASVKRL95XC92NICPX9C8IXNX6P');

insert into genres (genre_id, genre_name) values (9, '152AOY5MYIAXA G0QFWGSMS6M68C9EESX6JBXM6QQS7979UE3H536N WUPNITNML');

insert into genres (genre_id, genre_name) values (5, '3T16QYCQ6VR6HSHAEXC2XIAP7L807HFVJ5CEVKBP1RTJDG3JNODQA6TIBH LHKLU');

insert into genres (genre_id, genre_name) values (14, 'FSR97II 6HEQCLMTS0UU72MRV5FI5MUPL8Y4QSLABWEQTRNMT88ASTCB1782XY9A');

insert into genres (genre_id, genre_name) values (16, 'GSXQ709BUPOY3O4WATUM 00C17M44NQPQL554BC9HIW0 G2GESGEDQV8HGL1A4HY');

insert into genres (genre_id, genre_name) values (1, 'XPWMHI5TV1S8HXWUWJVL D4E35BRNQEGLT78HPWMTX3MUS6X61PURFNWVAPNQ96B');

insert into genres (genre_id, genre_name) values (7, 'QMDXWM2F3I0X3HUDAWDTF2AFM5KL40KEX41L7I90FV765POMP2SRFOVNXB1359 L');

insert into genres (genre_id, genre_name) values (18, '3MGD0AJ5QSAU37GBBL 1K7MTSG9LPJASVLQ7FQ1RY7OV6I WH5M6AI6221GOJVSA');

insert into genres (genre_id, genre_name) values (13, 'MUX8Q1IIFFHGQXROX1NG2M7X8AHKA1ESEU0BKP C031E2M579FEJ 39REY6SN2QW');

insert into genres (genre_id, genre_name) values (6, '3SC0T7YSEDBJ54EQRKUYYD3S DW9QOLALYTB3VNCECMG625 OAS273424GI9S88U');

insert into genres (genre_id, genre_name) values (2, 'SBERG0 3P44R0VPHJWPI3JX1V3MNQHVOX2C1KCBH62IF624KE4F 5G 6M UP7V14');

insert into genres (genre_id, genre_name) values (3, 'RW8X77XT35FAQ0IWYEFDB8183VXNWG05NFIJVS0S19HIHPJLVKHL4IEM5APYONM6');

insert into genres (genre_id, genre_name) values (8, 'A8BUOYNGTSE5HNOAN6CV17DOEECC3T 0S5USH1JKC6QR GQ9I721CTWK2V7DREEI');

insert into genres (genre_id, genre_name) values (10, 'KUPHDO6 28FY1 1DQKOU57XFD1WPO0E BXO4AJ4456ARFQ835VQPIAPVAIQ0YJ16');

insert into cinema_room (cinema_room_number, cinema_room_type, cinema_room_projector_type) values (5, 7, 'CUH7X568WDN6BN0H6DVYJHOVGEHTQRIWMMTYCWRST3LBEYVU7RTE QM1N6B1GTV1');

insert into cinema_room (cinema_room_number, cinema_room_type, cinema_room_projector_type) values (3, 16, '93RXUW8PRVYJW34R0WDEUY9MASKXY1GHUBPMP2C FA 6MYAVXNMQHS2G54OC8LIB');

insert into cinema_room (cinema_room_number, cinema_room_type, cinema_room_projector_type) values (1, 19, 'UTW515I1 O0YX1CLBC014HW188FS1YQIDYPPMCDM2HA4U7JCMGDOBIBRHAXEV4Y8');

insert into cinema_room (cinema_room_number, cinema_room_type, cinema_room_projector_type) values (16, 0, 'L8YLBTOPXW8NAJPL  TTBUYKU5BNHK5WA93IWMVLRJPCGTIT3WMTDCTPNCTQQV5F');

insert into cinema_room (cinema_room_number, cinema_room_type, cinema_room_projector_type) values (11, 3, 'NTFESOF6OIFGN1BIW CYYO043FXURWTBCMCH8YCOWXUHOO670I1BDIHWLJH87531');

insert into cinema_room (cinema_room_number, cinema_room_type, cinema_room_projector_type) values (9, 4, '1XNTOVB3B06E1IW4EY9X GE 1A5TVCEXJV5X0XF9CKGDJ0LGOHPTD8KWMPPA1EPU');

insert into cinema_room (cinema_room_number, cinema_room_type, cinema_room_projector_type) values (17, 8, 'CCGRBB4XW4HVRJ 7 6 R6571Y1CV745JJJF9JG1IOSQQICE9DJE711SFKR06F6B ');

insert into cinema_room (cinema_room_number, cinema_room_type, cinema_room_projector_type) values (15, 15, 'ENTOWMIRO4ONGB1G2DHNK65KRMVLYL89CGNNPG1QDEM9S5U54RC1S0K78ACBOX1C');

insert into cinema_room (cinema_room_number, cinema_room_type, cinema_room_projector_type) values (18, 10, 'OU6N82X9E 4UX41N5VLPRSHGL0GO2W7CBE4R3B9OF1FG1 4TQCW4N5 0IDCE8YGF');

insert into cinema_room (cinema_room_number, cinema_room_type, cinema_room_projector_type) values (10, 14, 'ID4 05 C UO3NFLL4PIDAUEEX  1WMYB6K8SOG4D2ARALNK8XN4K5V2NW6  D64G');

insert into cinema_room (cinema_room_number, cinema_room_type, cinema_room_projector_type) values (0, 5, 'XH4OO7UM972WOWADHFQ9YCNHW17BGWMMGV2Q4TBFOADQ7893GA3V5CYTC3NKGYFX');

insert into cinema_room (cinema_room_number, cinema_room_type, cinema_room_projector_type) values (13, 12, 'D8CBPQ11T03482IM2FYX RXFS9KVB9FNT X0HU7IIJDSG9NYT800IMS2G UVCPGO');

insert into cinema_room (cinema_room_number, cinema_room_type, cinema_room_projector_type) values (7, 2, '4 YWFAMKR6HC9FMNAI9WFAYROHKLU6D231M1UJ2012H7SQ2 LEDTY2GUFAJXP5A7');

insert into cinema_room (cinema_room_number, cinema_room_type, cinema_room_projector_type) values (4, 1, 'CNI8HXF0S7VF6RH8NM709BGDI2  8LRCI MSGHKRR6E5PABNGAV5N9 LKPJV6O 2');

insert into cinema_room (cinema_room_number, cinema_room_type, cinema_room_projector_type) values (6, 17, 'MKAKS92XK51GV0 QD6873Q0AN6S74KM2S4BTXBKSBT8R6LIIQDVEQ0BB3YADCCNE');

insert into cinema_room (cinema_room_number, cinema_room_type, cinema_room_projector_type) values (19, 6, '10SM7O9WQQ1JT1PAI6BKG7X4BFNMI0QUSM69C250IVUVQ6VGEXGUDQRSAITQSOBE');

insert into cinema_room (cinema_room_number, cinema_room_type, cinema_room_projector_type) values (8, 18, 'P3T1QHJ3VBNB4QMRK9KOAJHRCNBOM5EO0WR9PXM155T165JDHQ4LD7D 3K 2IGYL');

insert into cinema_room (cinema_room_number, cinema_room_type, cinema_room_projector_type) values (12, 11, 'UHE1QVOUFR2T14 4D9GHDS8CSPT8NKXX70H4OPTDS5B3QEDQ5W7W1M0W HRBDWKO');

insert into cinema_room (cinema_room_number, cinema_room_type, cinema_room_projector_type) values (2, 9, 'WP1WGCB37O8V11PMEMXR5TBCIQII U2WDKLFCU1L5AYT3XP6IJ 3ASV78WBL0R6A');

insert into cinema_room (cinema_room_number, cinema_room_type, cinema_room_projector_type) values (14, 13, 'DNUA0DLMP78FI 7GOR5CJF5DNWOI411A1X5UFUCRG6OIK76429QJ52WNTKG7UE66');

insert into movies_countries (country_id, movie_id) values (2, 13);

insert into movies_countries (country_id, movie_id) values (5, 13);

insert into movies_countries (country_id, movie_id) values (3, 13);

insert into movies_countries (country_id, movie_id) values (11, 13);

insert into movies_countries (country_id, movie_id) values (16, 13);

insert into movies_countries (country_id, movie_id) values (19, 13);

insert into movies_countries (country_id, movie_id) values (9, 13);

insert into movies_countries (country_id, movie_id) values (0, 13);

insert into movies_countries (country_id, movie_id) values (12, 13);

insert into movies_countries (country_id, movie_id) values (1, 13);

insert into movies_countries (country_id, movie_id) values (14, 13);

insert into movies_countries (country_id, movie_id) values (8, 13);

insert into movies_countries (country_id, movie_id) values (17, 13);

insert into movies_countries (country_id, movie_id) values (4, 13);

insert into movies_countries (country_id, movie_id) values (6, 13);

insert into movies_countries (country_id, movie_id) values (15, 13);

insert into movies_countries (country_id, movie_id) values (13, 13);

insert into movies_countries (country_id, movie_id) values (7, 13);

insert into movies_countries (country_id, movie_id) values (18, 13);

insert into movies_countries (country_id, movie_id) values (10, 13);

insert into movies_genres (genre_id, movie_id) values (15, 13);

insert into movies_genres (genre_id, movie_id) values (12, 13);

insert into movies_genres (genre_id, movie_id) values (11, 13);

insert into movies_genres (genre_id, movie_id) values (0, 13);

insert into movies_genres (genre_id, movie_id) values (17, 13);

insert into movies_genres (genre_id, movie_id) values (4, 13);

insert into movies_genres (genre_id, movie_id) values (19, 13);

insert into movies_genres (genre_id, movie_id) values (9, 13);

insert into movies_genres (genre_id, movie_id) values (5, 13);

insert into movies_genres (genre_id, movie_id) values (14, 13);

insert into movies_genres (genre_id, movie_id) values (16, 13);

insert into movies_genres (genre_id, movie_id) values (1, 13);

insert into movies_genres (genre_id, movie_id) values (7, 13);

insert into movies_genres (genre_id, movie_id) values (18, 13);

insert into movies_genres (genre_id, movie_id) values (13, 13);

insert into movies_genres (genre_id, movie_id) values (6, 13);

insert into movies_genres (genre_id, movie_id) values (2, 13);

insert into movies_genres (genre_id, movie_id) values (3, 13);

insert into movies_genres (genre_id, movie_id) values (8, 13);

insert into movies_genres (genre_id, movie_id) values (10, 13);

insert into advertiser_data (advertiser_id, advertiser_name, advertiser_phone_number, advertiser_email, advertiser_itn, advertiser_ogrnip, advertiser_kpp, advertiser_address) values (5, ' YYLNH69O2F8JVBGSQTYOWDA2MW47CAJ8C06IH296J656P0YQSH 44OH0OO281IT', '4IOC6ED RFLI82Q5GSJYKTFV1BMDXILU8SNT7DNOY6IKPJAISANNO0U40F6JAJO0', 'MCO3KVBR68IJ4NI1SA61OK7 RK61X9DVDDQL1KO2GR8LV2EHSYM53V4SQ5KLS 0F', 'B0RU23MH90VU832P36XG6IM8L87V7TVFSVP YSIT5E66HWEPF7OACOMFMPN 2W2X', 'SV7IR GBEDDARGXX267U4YWLUSP4GONIFDUO9EV7MV53SK4852758590OOU2NPKH', '9NLIDRXY2VGYY189BFAY9H1KANESR3Q8R6C82RUWVC94J7JTXPPDFE HSNS7KX I', 'N1FXNSS5IPJFGLQLR0GAMTIVTUOIIOS HHT8V3M 3KR8X366BRGRKINT QXULXAI');

insert into advertiser_data (advertiser_id, advertiser_name, advertiser_phone_number, advertiser_email, advertiser_itn, advertiser_ogrnip, advertiser_kpp, advertiser_address) values (1, 'KTXVKYVPYS1E2PCVW8CMCPUNYTL 7CNYIYUPMWOPN79KGYLHIWXEN3T5NRI15848', 'E5 L8DMGS3PRA7REPLT7QJDYXYR4MBICWBBUG89RJP9 WQQC3CSU7T3WNYDC RA0', 'AU8TMSI0BMQDEF46BI0336 GQC5B11VA1U8HSOGIY2KQI2L1XULP14WGQXOI04CX', 'NGMD9H298E14XU3AMHFB6G5SNAK90RMPGREM57FY1JIQK5QP60AFQI89EXKFG767', 'F2 1WG63G LLHNGXFY9 QNM2MCURT26ON AMVG38BW8C8V4L1WESPN3EC PWXHSF', 'GN5B86W34VGMH4FHJGKLB0FQQF9MJ7RV5VS9KRTHG7AFVB3DQ3KET7FNGRMJYSKW', 'VMEMDA4 G404G0U91FHF3KAYNTYEGBXMKB79MGB2 6YWBN7TCP 0YF H 9OWOKLE');

insert into advertiser_data (advertiser_id, advertiser_name, advertiser_phone_number, advertiser_email, advertiser_itn, advertiser_ogrnip, advertiser_kpp, advertiser_address) values (6, '91YVR0Y3P05Q7W92NWCBSNMMYG1HMHVM7BAWU3R23NW75HS7 CUWW7 KKUG8EO2P', 'X5PGBNS0AB79B3A7Q200YNN0SMNLDRNOQCO P8OTQ9DQNWKE9S1X3II5S5W5I5SX', 'FGLOJL1DT555L32BLPMTGW3J0786B9A0YJ7RPH0LFYX7C71NOHCW10REK6I4 TWE', 'KSC0 PLBPK16SO8CXDH9S5HH4NIFHA747DKU2IMDVJXHSJ2M1Q5H5X2ATUQJESUE', '1BXSIC9YOQMSJ6I5D795PFGPBENE0NYKIQ9AX8V4E9KXEY1774A71A6DEPP5EMV2', ' B 51GR3WJJK7Q9O7LWE1WOOT54XPAYMMDGEMOHCEL0LOJQJPDJSX292KAVKU6LK', 'AIDE GH1MCLXV83VC2PVCMEHGLQJ5UVN1XL3KJ8T53AX7G273K2HYP3HL4RCNT73');

insert into advertiser_data (advertiser_id, advertiser_name, advertiser_phone_number, advertiser_email, advertiser_itn, advertiser_ogrnip, advertiser_kpp, advertiser_address) values (3, 'SUJUJAVAC9IVQTWSHCKO5LI PFNAEBMBE0MURWX382X NBQGIIILED0G34SR5O1B', 'GHM2YK8CIGUKMTNTO1VK50NBD3JN99XXHVGN0HTMM4NN1BVK7JEDL7N272E7IRV5', 'C3UMP1726R6LGQAG GPON28HSMLU934KB12DAPS262M NJMKT4U2KY3R3UA9V5GW', 'L7TNE IUXN530 0TXIG635GJQWNVOQA9JXN20CQ7W 6AIGAEAW8BELX1U1FOS97A', 'LA2L63W9P FT8M2CK JF3UNJ6R8STTQ9BRF7SVEG FU1KAJRK41B9XAI IUU06PE', 'AMHI32HJFU E0EJ1F4LLYPTKUX0R1QLO4WOARAOLUFA6BA3XIHMQDKH9NSC53CF6', 'X6RFKKV1KPXGYFDKWONKIJ6F3Y2AV8NMYF8FM15EBK1N32KAPYECE94FCUROFH29');

insert into advertiser_data (advertiser_id, advertiser_name, advertiser_phone_number, advertiser_email, advertiser_itn, advertiser_ogrnip, advertiser_kpp, advertiser_address) values (17, 'XM29L0M776XQ2U  2S5MF2BWU8EQ3SY7K9AUFRNIWOUUIP5ME1AIPRP0U8OUAQWC', '0H8OXJPE70SYG7  AL DMLPUV55YGFPUQGQU5X78RT7TDG2BDUQYPWK5H8VRNT7G', 'HG4BCH8TQCW02T38ABTGMEU D9JN7DJ30668B0XIG0NXC0OWDHT1Y1C9HY7YPQY1', '77P44LFCMYXT0AVW7XVOEV14V6ES86 M09A81MWVVKQQ9N4MO29BF4LRU00XPC66', ' 96EE7IJK1Q622YI2B MTN27ICP3RO2BXFSDKOK1JLCQ034SO92K9GVCWBU3X06E', 'U WRMTICYJGGFUGMXXTCRKD2FHNR1TQEDEFE4SHJT5LSB5FQQTKT SFWJGUP3TH1', '8DT265X2LR6FS5CMYD8MXBXO03D 98UPAG9PJPK9SWM OWHXLH004CS32UXL 1SL');

insert into advertiser_data (advertiser_id, advertiser_name, advertiser_phone_number, advertiser_email, advertiser_itn, advertiser_ogrnip, advertiser_kpp, advertiser_address) values (14, '2TQC87VW4NGYM1B39QC71SFNHS6BXIHI5YD7SH05T13WUNTHRB7ODW7XWP4J9SRI', 'PCPKL22MRRUJ BB2LD4LOVS919KXU8WAA7ELB6180V6OHQPCDQQ83943NNVRK4AX', 'APPQ Y77SRKB8US8IUAQH62HJKBKIAMMQB2BER59 MBXR1VSPWGIHEO1FYN01UCI', 'VKPYEPVQ05OKAA47FNRQBM6IWDRQAVCBT89UBB71TV7QBQ OEOS67VGGQ7DSCLIS', 'ORX5TK6S4NXBB5BWXFF3LIU821P1XM RAJXKF7VP K5ASISOSEQ 82WTY84WM84N', 'WNJORIIGAW8R01NUGX3RP2SHHG1MW5YKS771A2UXRFP8KW53BHSEHUFXNVCEMLRT', '6V L4Q6UD65MR1 GR4PH8WIT6R810KLQK18P0GAOOT3VKI5YTWXMI75NGAYUEFAJ');

insert into advertiser_data (advertiser_id, advertiser_name, advertiser_phone_number, advertiser_email, advertiser_itn, advertiser_ogrnip, advertiser_kpp, advertiser_address) values (7, 'J3HMTPUJFEH7CPAHHH4 0XQEY77F5CQYEEJNC0W9 U38JL5KXAR51LVBSW W3FSR', 'WXQ3883GEX8YIFQYKUL044DYUS625MB39QY7PHQMV 40UWPYQQSYHIN333DO71FQ', '503FK0R2JFB53 UR9RMAUNL2TUI0G7XO1GPNFSW7PH7NNCBFBOJ48LSBL6K1D26D', 'BXM33W68NOAQ8GCJ7LQFTU HM0WWB64EX43OBPQCKGO7UW15VMIGPYE4REAAPOK2', '8LTGJ1LS5IODNMWGPL 6VJLXQW3BUQ0PH6DV2T7LL1GOLUHR FP9HIASEVEP463N', 'ESUIOJXKDFWB9YG0X3CSD3W14U6SRT19K847UAO1Q2E893VU5 4S68XEXM30DR96', 'SCWXEBRCDJAHLJ19HR4H3 9AECNWANTA45D7LRRDSMVYFA8G0OQY3GEYU79Q5OEC');

insert into advertiser_data (advertiser_id, advertiser_name, advertiser_phone_number, advertiser_email, advertiser_itn, advertiser_ogrnip, advertiser_kpp, advertiser_address) values (4, '8BNSXRV8XDKYT4N5QMP835K8SPIMO928KT08R3JAO4L VPBVPA6KYYIG32W0RMGX', 'CPNOQT096EC8W7L6Q5MPWVT56JKJ9CHQCBQG BSYKVWFE3HTQM648FAV774YRV67', 'XAA7YGGXKMF HJ1KL931J4JG91KDBS1TKM0PJHDRV53Y NQKW2U1NYJTXO2V67GF', '4DOY5Q5XH U6ETRPL58PI4F1FUXT0LSN0IFKCHJBTUUWGB 90R4WRCC91XJETBU ', '9S HACS6ID0EI3XK8ECRRW7OQ609WCBQXRK5G44PYGSJRIP5JDK5KF31DU KLGF5', '93EKG3DT0TKICNYDPVCI2 7V1Y4SCER7GPJJRYOIOBMK4L998R7YBK90D4 4B6I2', '7OSB6KGHHPD2Y27QKFR5N7D5K2LXNSP0CC1EY8USO Y2JXX7EWWAK4YUONBYFV6 ');

insert into advertiser_data (advertiser_id, advertiser_name, advertiser_phone_number, advertiser_email, advertiser_itn, advertiser_ogrnip, advertiser_kpp, advertiser_address) values (8, 'QBEQFR 9GJ0XK8041441N7MY4HBSNFXSTK9VFKL3H573UTQRIOBI7BTUXLN5L1R ', '10UGGEON36TEXANU5TK6H OGKNUG V0 HOE02J4DED 0TDM3A4KFE03Y2DY5GVOE', '5PV7BQQ6AH7AD9OTK07Q4XQTQ66V2OOP4X49BQ9Q CQ2W4X2F3988Y KV4M7RBHQ', 'KF4SFLJ335L1N QJ799617YE1RILNBA0FQ3 PEK1L5TGS0X JUKJRPOTCTD135F4', 'Q80OP4X 2V YL96OX YK2XHVYVLLTW00A34VQB1J4IYWK580433UX79VWL35V8TC', 'VYW2EJ6W9Q5BB753NV5WRQKSRXNR70NIOI67WY1XJ28VG3FXVQVFN1G0NK2S1QSJ', '6BYPNTFSVXX0283QJPLM4AC4PURKFV98F9O  1CH80AUQO39XRXJFTEKDUEH4KQ1');

insert into advertiser_data (advertiser_id, advertiser_name, advertiser_phone_number, advertiser_email, advertiser_itn, advertiser_ogrnip, advertiser_kpp, advertiser_address) values (18, 'L1SANQQN8RLCCO40OCJW2VC10L6AD720MNJBGSRORJ0OLFVRNW533C9FY 776UP1', '0TUVADUWMRNL1MES7OR203F7YWLO4IM3IJ56SF2QI5KWUV LMTTYPXNTLCE0YKBM', 'B4PGCNH8W1971G97V13CJGTCAGAKMB69GWK1IE3H8DSSUE9U1H53RUL0T0K MI6S', '9VJJB T7DU1UCRC5UC1MGSADP LSWLNWYWS8OTGP39AD46INUKLAKL6Q0QJFP3L1', 'JCAP3YT8I0RFC9MLLL2UVMJ3LGAE4CFUUBQ5WQQ05NSN4TIT6TFU2 EC D55E32S', 'S5IFXQRD7W4HODYQH3PIAMOEVR5M24PS1WOCAO8SHE5I2OGFPF06JYB6HVL7VXJE', 'V5HSOQAV2SVS RGX0Q08KJ4QBQTFFMDS40OVUD78B3D0Y51TG6RJUPJCQ5GLCM0O');

insert into advertiser_data (advertiser_id, advertiser_name, advertiser_phone_number, advertiser_email, advertiser_itn, advertiser_ogrnip, advertiser_kpp, advertiser_address) values (11, '6XYTCFP9MTDL80FL05ODYNNUL78VR6D0003EIMS2D2GWOMTD1GBMB7V8AODYEJ6D', 'NBUEKR B2EPRNPR7QTXX4U S5FL4BXEDB8IU2L 2TA19GGRQ7MG08HUETD0J0THO', '946THN4OT1XREKWBWMT5R0ND82T EC25LM01D1BRDK3SWV83PN9WB9N74FSTDN66', '5NMTD8YY EX9GQEI76JETTD5HI4B2EAQMOS2X8GTXT58Y8IVXE2BLUJOKYC6DWKO', 'Q O8JSQG5HHCR72EHP12CNJ WWYYRXHTL7V6E1MAURSK7PK315WUQ690J0XXH3EV', 'VKLKAM2SM56IY8WNXFGY2U IL P1G88P6MLDYTCHMA4RDNEBAVIY6 IQUU0N8COB', '9HBANT9T2K 4W9BADKJN99JA3SX XMFACHF9K9DILTIC9UHTU8UNTVDMPHM5QMGU');

insert into advertiser_data (advertiser_id, advertiser_name, advertiser_phone_number, advertiser_email, advertiser_itn, advertiser_ogrnip, advertiser_kpp, advertiser_address) values (2, 'VQ54L 4GY7DVR9S UR8LDQPYB0L1Y4 XASS78GAMCGGJL D6JUUC VGQRMO0USML', 'C19E4EYDF6A1UL4QA48JDPLPCTXYQ81 IA1CGPT DDKC2F3Q1VC CW7KB4CWEEJY', '6YQE9JA70DCPJCPPR83O8SAHS6HEYRMJCR6O56P UD89DHJQ8LNGJGD4LGIBIB52', 'D7F92QS CQS5WFV Q02O7K2YRBT6160BQL9ED0BQUJGCHCPWF8 IJWWLWHVQL6OR', '23C8VKV42CFM90P8PD29EPH6RLG75PX37ISIN52R19N8VPAWVH9S8K KV2G0T7M8', '99V34HURSE5B5QCDQJL6XYIEEIX9D3GAQDAB4J1E6R0V5LNUOXVE6VL9ADTSFBYN', 'XMU50OWD99NDS4VMUVGDT928MP30CUE 31C0TD9NQJG2I6X86OL07UB8U00GUQ2R');

insert into advertiser_data (advertiser_id, advertiser_name, advertiser_phone_number, advertiser_email, advertiser_itn, advertiser_ogrnip, advertiser_kpp, advertiser_address) values (10, '5QA9J8KG3478N8C7JXGIRBCJ67VRY508 7N ECS6GTRAV9RPKM71FEG73TIH9OIB', '7JEENNLEAF05WUUQ9PPUX60CE4TVVNI13LX4LGJ14864Y7L20CIDLN8E5PLXDTRF', 'YL0ELNDU1TGOH4Q3R3LWNLSC2PGCAO63PGICWMUC5WRMPT8EGIN5MP1TDKYJWFK7', '0BOLRXG43DNN62WBPNC0CQ1T9CKEDBKD0OUDEFK8S6E1 V8VUSBS90YVJSKFLAY3', 'UF5TIVV5FTK51LTVJPE9ENRSKQ7EO5DFU80JO A0DST44Q1X3E54CX4VO804CC2Y', '3C8IA8F1HH7R0SGORWL6AEF98D E49 S926NN4XHRUI8 G7IFTTURLO3D6T2UVEH', '418IFGXD4KLFGIALS 8AEDD7PPN82T81504D1UH3NDBF6E1V8VOARSLGO6TQYP6P');

insert into advertiser_data (advertiser_id, advertiser_name, advertiser_phone_number, advertiser_email, advertiser_itn, advertiser_ogrnip, advertiser_kpp, advertiser_address) values (0, 'DP 80FHTCAUWDP2BVVI635 U2KH4OMRCVGP1RVQNBR163RDSJ8GWBMNR6G0FDTJ6', '9B9RK9CGB6M9NQ8MMCMV902X4S57TJIJFYXJS2XOHOHQQ0L9XOTTHI3 MC90XXVD', '9WM0E 8NCQ R1UJH5GQSJ5ASNOYMROKVSGI9B26QGUBQK3UN0W2GCKCEVT7PH857', 'WGQTE2AJ5UE5HB4FMF3CQHL0HI5LY7K KQAD8XHD0161H9U32I2MD0V3A2KCMOQ6', 'GPL1P5W3SHN5VVPKYTHGRUEB1 O159L4QBV4JDX1OR1SBSR9LJKA BQ1LQUVQOVL', '0RC7X9WDRJRV10AG18JR P 7WJLOFFUYH9OUJB8XTJ97JF9I1IWMQEG8EJMKWD0L', 'L6CH9V1J3FOCNQ59P6L15NJS80W7LSJUUVKOFUOBH9TFP3GO47DPPYXB674WBVUD');

insert into advertiser_data (advertiser_id, advertiser_name, advertiser_phone_number, advertiser_email, advertiser_itn, advertiser_ogrnip, advertiser_kpp, advertiser_address) values (19, 'OP UOV44UYRKWT8WRHG072FPMCJU4P64YXWJEH91MEB2OW6M2 IJE392 FG02WEY', 'PFH9H8QR4912OSSGJMDWC4VC1QQIVYNU32TBDOXIC499T2J7UYSVYP WJ042ADA1', '2UJ6 W6MMP90NWN I4KCPH7UF44EMY M2EL5PAINYXCQNM8E 8LSKK UWBTBOS2F', '2PR1T018 FXYYT20DQU5YORPWIJ88F8 WQ4 I5C7LDKBC079AEX558BW9AF3TXH ', 'ALNGTGGLJVTC39765GMC6SPV TXDCBQ48QOVA8PXIEJ0695A3L9A2PAIKLN1C4N2', '59C5BORTE3483G3JI1J9WBNWANVWGEJKMWDMROYB20313IH7FJNJVAQAP47JWLB8', '7EQ32U6QQG6LCM2JABNXG8U6I HM09PW9R  HF7CU99 GA1M2FD8YQT48ONNE7MW');

insert into advertiser_data (advertiser_id, advertiser_name, advertiser_phone_number, advertiser_email, advertiser_itn, advertiser_ogrnip, advertiser_kpp, advertiser_address) values (9, 'A2D6 DLID8R8MLYAC6U6ALS6X1VS4HKYFH97DTOCFWEI122 SY022PPHLSOB2PIY', '4HXK4XY68KMF0QQ6NET129RMISUKQMKD734DI0DMNVO07UNYKQXE6A 2UBBGX 8K', 'VNJJ4JYHDSE5N9RSG6EOE6S36AYSUX0NRC2TPT7KE5RO HHIBC2RUF1D1WTLHNTV', '3CJYA4GS1YQXQNCFNR2CF8DW9JK06WQKWB434UFUTS1L8HJ EC8HQBP 7BXVI1G3', 'LQM IW7WD U81255LC614JUCEJJM SC55LC3RGORWA2L54N08VLDMQWJ30HBYEM5', 'H NUP191MFVDHG4OHOLHBXX0CSSQQG2R3EUSI0K1DTE6ODQ8WTIU3C0HGBQH663P', '9EXDV5643DXJKKMIS2YSCE6X7F6MWLQ8SK757VJJ52M3L87HLRAOVEDCUBEMW09G');

insert into advertiser_data (advertiser_id, advertiser_name, advertiser_phone_number, advertiser_email, advertiser_itn, advertiser_ogrnip, advertiser_kpp, advertiser_address) values (16, '3TJ7DX1O2R60G32TQ8YOFIJIY4RUAMXWRE5U2NG9OUPWP5XEIXY8OP6S407OQ2RK', '0GNI9XYWKPS7R538S18KEI3X86674EUH9HS6XH6EPP4W2BOEENCACAQ6DAAE8D5L', 'MVLJBV3YP1QXC5 PQF2X4SX38FMT5DTJO2691N4 OKSKDMWRP IRFWA2M45EASH6', 'D E7U6UKKY7SAW1RC5C7OKKVYSRI138OI5X5007HJ9V 44ADVI1O2FEMM7IJ9JLV', 'LS JXG7S5OWOSLRH7WA9DYW94335QY2A9PW 9DRSH365DU7VTYJXS21JNN4CONTD', 'P37GTEA4FUDFWQX6T 4FBTXFLUF19H88BHWHPQK5C7KP2PEK6420CHMWP93 H1O0', '68K2SRS059V72570JT 3LDBY7URBO58UMDE0VTRQ 7CW9NE4LMD3YXBBLUWIG9K1');

insert into advertiser_data (advertiser_id, advertiser_name, advertiser_phone_number, advertiser_email, advertiser_itn, advertiser_ogrnip, advertiser_kpp, advertiser_address) values (13, '4CH1 21NDARX4QTTGXIV46YAFPE6BX O0CF1H05MIUTW0HX1EOBQRC6MOVPQINBR', 'XXNDOEEKN6JYQ8WB4ON7ATPPYW O887WC68IJGLGDEKSD573 RAP1NTQDGN54JSB', 'NCWFOAO93LK66E97UI9KCS5SSNY9GNQLWEIVWLH6PXLETOD GE6AUF2APABXDD0L', '40EQ8R56ECJFL8UEVGG H7706M1AODS0MK2R9C14O8K20V8CLRO5UO5V4H9F2C26', 'BQUVWR4IKB1RFUK Q 5K486CRCKRTY7Q5HJCE6YVPRUAQ1H8N0G761MUS225PTD7', '84B9OWRNVEME2Q8QEAN91I7WKNITTL7M442HKTA B5 95D45TQTFJ4GG6JNA8YEU', '7H64H7FBHQULFSGLB5I0VEFWGQ6QMNBHMMD28S  LM35QFNHMM4EXKHH7WGJIAQD');

insert into advertiser_data (advertiser_id, advertiser_name, advertiser_phone_number, advertiser_email, advertiser_itn, advertiser_ogrnip, advertiser_kpp, advertiser_address) values (15, 'OBCM62747Q56W1L3TRM23BLM51YO2IIOQHRWLPH6P04NF6RDDY4V5RARU6U8SDEF', '85G1AGC9OUFWMNL6WJA2NOPJHS7LI0L39EAOEIU9LKDN9WR0AB8 CAAJ8A00HSBD', '9 B5ITB131LBUJN8T04B62C13ESA6OD319MVKQ7BRRUK88UTSTN7HJUDX6TE4BBG', 'ELR67V8150UO0GSFWVW2MBR2NK6UUSQ08TWL69GU6BE9NAIGRJQ 64P27SYKN6VV', 'GL9ES4D9M9GPMNCTYYS6TQ4DS7XXW9KE1KV6INAOV5O0HT3UQUQY02DN0BE5FHS0', 'AU1OWL691H4L3C1KLO4RMRAMOFN2KMQE2EKOOHT0E6QPJRFN0L37JA BEHLA4TMI', 'OFR0Y66JNWIXORDY90F3LVDTU4M4 60XRRWOS6A59ND1YORFAAE293KDRX6FMVC4');

insert into advertiser_data (advertiser_id, advertiser_name, advertiser_phone_number, advertiser_email, advertiser_itn, advertiser_ogrnip, advertiser_kpp, advertiser_address) values (12, '1Q8 VF24YRKU3WVH7TYAU00UJ8A5MYQQF4W1I61H LNJ3PGXAH5SPV UGT4UOQQ2', 'AS8VH9F169KF3RKTIHJP9M06H5XQNVY9MBB1UBY5JI358BU6L6X5LHHD9XJSO46Y', '0C6KMPX1NTA6KEVNJAVXNY7LXJHWDMAKH4836W497HWN9MPWG 9NMMTYTAVGOM39', 'HRCKJ6AYR34DTQFR6WAWMHC9F2DOV5D2FKE85 56QJT5BNRF 2W3GSLL91JV9IT7', 'A46SDO1J3DJPF133EQ2N68L8Y3XT9L062PBD5C IHDO1VGJ 3TFBLHA NEUXLQBL', 'K5NYHGNC6S M75XI49HNO21ARW6Y3CE9QHSBQ 247VMKT1JN33 6PEHB6CG0IDPR', 'HATEQHW1UMO0IUU1K1R7YB2IIC7HDFV IEFNDJU2 YS2W2XI4YDYF7XEM5 NPCEY');

insert into movies_people (people_id, movie_id, movies_people_id, movie_people_role) values (1, 13, 11, 'SRMF1V52V8KAH6IR0YQHLKR4FJAABUBCUL6XQLRBX9CRB4K4SJYHNS0JPF6KYFQD');

insert into movies_people (people_id, movie_id, movies_people_id, movie_people_role) values (17, 1, 8, 'B H0SH8VU2DJA5JCVWIH34AN1VCBOS5VTX  Q5SFDC8KLVVJRC1MFX6GTWHO8N18');

insert into movies_people (people_id, movie_id, movies_people_id, movie_people_role) values (9, 2, 17, '65WMEI0RNHSEWYOTL9F872NAU59OXNUNH19YR2QS9A07M0V0606CM60WIWF4KU8J');

insert into movies_people (people_id, movie_id, movies_people_id, movie_people_role) values (13, 14, 14, 'BX2ID7H VWI8KW35KVE3O873BO4 IODGJ5DUAI6GQWD0TKC0G6CU5RENXOG8YF67');

insert into movies_people (people_id, movie_id, movies_people_id, movie_people_role) values (10, 10, 12, 'TKOMYNQ3CRXFNICKMLTHDMGUN3SJXSTGCR10OIN7NYA8DWX8QPT6EFHRHR490P00');

insert into movies_people (people_id, movie_id, movies_people_id, movie_people_role) values (19, 14, 3, 'HXBMT7FSJFOCQPN6NFYM9E5IQT QBEE29ILVH0MHWT2N92BIHCDHLMNXMCT9B97H');

insert into movies_people (people_id, movie_id, movies_people_id, movie_people_role) values (3, 18, 18, 'D2I5C8BJCKWV6QV5AL06C GQF WOY32 1DKH2C DNY8EWP7A20H1EM3HXV8QP6VA');

insert into movies_people (people_id, movie_id, movies_people_id, movie_people_role) values (2, 10, 7, 'PA72TYCM9E5G34P45GFVNETTRSKU0F923UHGVTBB08OF2U7CL2HLJTX9GOL759FD');

insert into movies_people (people_id, movie_id, movies_people_id, movie_people_role) values (6, 10, 16, 'A7GD77PIB7LS7BRIP5DO3H4EDJJVI6KFK2Y XB04T7C5AIA6MBF1JJXLBYHOLVXO');

insert into movies_people (people_id, movie_id, movies_people_id, movie_people_role) values (15, 3, 13, '519JO8XCAXT0U1IOLWG4QW3VCXTI3K4RP59L1R2YJ7MFA4F6VMQKB6QQTGX0EGYA');

insert into movies_people (people_id, movie_id, movies_people_id, movie_people_role) values (18, 11, 9, 'TM71CMCXF3G 7R0EX7A17T9XA4FN9UPMY7PVDIIUWR6X5C6KARDEVE8HY5OD2LX3');

insert into movies_people (people_id, movie_id, movies_people_id, movie_people_role) values (18, 12, 5, 'EY6IQTTAMR5HW7IKQ5OIMSGK8DA4Y345MNKDQ8ICOVRKU53LHT7XYYSNQXEKRG9W');

insert into movies_people (people_id, movie_id, movies_people_id, movie_people_role) values (9, 11, 6, 'G08TME0OBMNOQ5HQ K59JH4SHUX09FA99O6WPTWTPS5AMI4J261637H5I3308Q5N');

insert into movies_people (people_id, movie_id, movies_people_id, movie_people_role) values (4, 12, 2, '26SWD05NUB107TQI9TL5VAMF7NOK0 PWMUTL1G43FUBGARLAFAIE21QYQD02PS9B');

insert into movies_people (people_id, movie_id, movies_people_id, movie_people_role) values (14, 8, 15, 'CXTE4PRGRGQNMGX48BIQ2DJ4EV0MNC1HMO820OXBVVL63 WSU8MNHEYW6EQT1IWX');

insert into movies_people (people_id, movie_id, movies_people_id, movie_people_role) values (6, 16, 1, 'D126ANOMX R1WKL7J03PGLJ6UX0KDA 8FIIPIP3IXHBO 14DREY7TLB87UXFO8YS');

insert into movies_people (people_id, movie_id, movies_people_id, movie_people_role) values (1, 10, 19, 'HRFXC7 3C0DXW7UO0F10WIP5E8HDB1QB7SRHTDFCN6HQ8HYC7F9F4FHNO6VTR32N');

insert into movies_people (people_id, movie_id, movies_people_id, movie_people_role) values (1, 14, 10, 'UJVD70MNLFS C5MRJN1YRRH7XQ4OL9J7YAKMRR6FF V92G2W74AK2Q0RA709YDGA');

insert into movies_people (people_id, movie_id, movies_people_id, movie_people_role) values (7, 18, 4, '7G6SU536 QXWB18 36KO3T 8M772SEJ8O90FHREORTGH1PTDTQDQ62JE5BP21PY6');

insert into movies_people (people_id, movie_id, movies_people_id, movie_people_role) values (0, 14, 0, ' 2YG7AA57OI3UX4J0IIAUUOQD1  8D0ADXY4FLXUHEUL82U9SCOYU5S54CPBVCL6');

insert into movies_studios (movie_id, studio_id, movies_studios_id) values (13, 0, 12);

insert into movies_studios (movie_id, studio_id, movies_studios_id) values (6, 14, 11);

insert into movies_studios (movie_id, studio_id, movies_studios_id) values (1, 11, 9);

insert into movies_studios (movie_id, studio_id, movies_studios_id) values (3, 9, 18);

insert into movies_studios (movie_id, studio_id, movies_studios_id) values (19, 3, 13);

insert into movies_studios (movie_id, studio_id, movies_studios_id) values (0, 0, 2);

insert into movies_studios (movie_id, studio_id, movies_studios_id) values (15, 18, 15);

insert into movies_studios (movie_id, studio_id, movies_studios_id) values (12, 19, 10);

insert into movies_studios (movie_id, studio_id, movies_studios_id) values (5, 0, 3);

insert into movies_studios (movie_id, studio_id, movies_studios_id) values (13, 7, 4);

insert into movies_studios (movie_id, studio_id, movies_studios_id) values (1, 1, 17);

insert into movies_studios (movie_id, studio_id, movies_studios_id) values (3, 13, 8);

insert into movies_studios (movie_id, studio_id, movies_studios_id) values (3, 9, 5);

insert into movies_studios (movie_id, studio_id, movies_studios_id) values (11, 19, 16);

insert into movies_studios (movie_id, studio_id, movies_studios_id) values (10, 16, 7);

insert into movies_studios (movie_id, studio_id, movies_studios_id) values (10, 8, 6);

insert into movies_studios (movie_id, studio_id, movies_studios_id) values (3, 0, 1);

insert into movies_studios (movie_id, studio_id, movies_studios_id) values (12, 2, 19);

insert into movies_studios (movie_id, studio_id, movies_studios_id) values (11, 1, 0);

insert into movies_studios (movie_id, studio_id, movies_studios_id) values (7, 6, 14);

insert into seats_rows (seats_rows_id, cinema_room_number, seat_number, row_number, seat_row_price_coefficient) values (15, 5, 2, 18, 14);

insert into seats_rows (seats_rows_id, cinema_room_number, seat_number, row_number, seat_row_price_coefficient) values (7, 0, 18, 11, 12);

insert into seats_rows (seats_rows_id, cinema_room_number, seat_number, row_number, seat_row_price_coefficient) values (5, 4, 0, 17, 5);

insert into seats_rows (seats_rows_id, cinema_room_number, seat_number, row_number, seat_row_price_coefficient) values (9, 18, 7, 7, 9);

insert into seats_rows (seats_rows_id, cinema_room_number, seat_number, row_number, seat_row_price_coefficient) values (8, 15, 3, 2, 15);

insert into seats_rows (seats_rows_id, cinema_room_number, seat_number, row_number, seat_row_price_coefficient) values (13, 11, 6, 12, 19);

insert into seats_rows (seats_rows_id, cinema_room_number, seat_number, row_number, seat_row_price_coefficient) values (19, 16, 1, 6, 3);

insert into seats_rows (seats_rows_id, cinema_room_number, seat_number, row_number, seat_row_price_coefficient) values (18, 10, 8, 13, 10);

insert into seats_rows (seats_rows_id, cinema_room_number, seat_number, row_number, seat_row_price_coefficient) values (11, 9, 19, 5, 18);

insert into seats_rows (seats_rows_id, cinema_room_number, seat_number, row_number, seat_row_price_coefficient) values (17, 3, 17, 1, 16);

insert into seats_rows (seats_rows_id, cinema_room_number, seat_number, row_number, seat_row_price_coefficient) values (6, 1, 12, 0, 6);

insert into seats_rows (seats_rows_id, cinema_room_number, seat_number, row_number, seat_row_price_coefficient) values (0, 16, 10, 14, 7);

insert into seats_rows (seats_rows_id, cinema_room_number, seat_number, row_number, seat_row_price_coefficient) values (3, 11, 5, 16, 11);

insert into seats_rows (seats_rows_id, cinema_room_number, seat_number, row_number, seat_row_price_coefficient) values (14, 6, 14, 9, 13);

insert into seats_rows (seats_rows_id, cinema_room_number, seat_number, row_number, seat_row_price_coefficient) values (4, 7, 16, 4, 1);

insert into seats_rows (seats_rows_id, cinema_room_number, seat_number, row_number, seat_row_price_coefficient) values (2, 8, 11, 3, 8);

insert into seats_rows (seats_rows_id, cinema_room_number, seat_number, row_number, seat_row_price_coefficient) values (1, 18, 9, 10, 17);

insert into seats_rows (seats_rows_id, cinema_room_number, seat_number, row_number, seat_row_price_coefficient) values (16, 17, 15, 8, 4);

insert into seats_rows (seats_rows_id, cinema_room_number, seat_number, row_number, seat_row_price_coefficient) values (10, 6, 4, 19, 0);

insert into seats_rows (seats_rows_id, cinema_room_number, seat_number, row_number, seat_row_price_coefficient) values (12, 8, 13, 15, 2);

insert into ad_videos (ad_video_id, advertiser_id, ad_length, ad_type, ad_show, ad_advertiser) values (7, 14, '8:17:55', '99159L7QHAJHCOW0QHF08V33RHQQRP62AR1WBCKB83Q70WL40OVTA3 V1XG0H2A2', 'D3376LSUPDBMY1B9A3J6RDJVVWYV6O3GG94GLWAH5RDU8GHPJ1Q9DJHNSKHGP588', '3T6GS2TCWXW89SAN2AYN2PWA5WI3BFFMW2F19VPWNKLM8C0QP025IHY5VXCGQ52W');

insert into ad_videos (ad_video_id, advertiser_id, ad_length, ad_type, ad_show, ad_advertiser) values (9, 11, '9:22:52', 'C3IEE11RFXEKLL9HJGLDXR2D48FWCVAGLX29LPF0N TDXS5551K69LU19C06C48N', '2VROEAR3I8U2P6J5ESYVQC JL5K 8 89BLMKWLTBBDW1FI5 7WKECQ9AMGRFDS2T', 'NY JL OL2QVHQ7J825O2GLYO1TLR V6ROV U9IP6YB3KX116HUAQP6XP2C QXWU1');

insert into ad_videos (ad_video_id, advertiser_id, ad_length, ad_type, ad_show, ad_advertiser) values (4, 17, '3:46:30', 'D54CE79JL KQ2ONP5YGFGY5G1GGLH1FL0 0RXBFY5GD34OMAAFL3PT0WIUPDDNMA', 'F3718CD9LC3FR4WPB65X61P PAXC1L DHN9KYOCFRWC1KU3TVGI3W3M44VU8UDPO', '0S8K84UNF8UU4XC7763L0EI9166DMA2VP7TODGH986A 1JIEQL8NFWJ2XCH93RDF');

insert into ad_videos (ad_video_id, advertiser_id, ad_length, ad_type, ad_show, ad_advertiser) values (0, 16, '4:17:32', 'GW0CTLLORLEVR8G2VABTACBY1X8LTFOACX2980XNB2R7 H3G62NXGOOK7XBMX0KN', 'Q6YFE0L 7X9EJB WUS0QDG64 86I81FC6BSNG 940WV 7TNC JKCV4 EX7T4MLOS', 'IGKMB0 0DXO2CP455QF68CHR21XLGJT2K65EUQ85 9BSY1FIQCT93S50 F2AFCOT');

insert into ad_videos (ad_video_id, advertiser_id, ad_length, ad_type, ad_show, ad_advertiser) values (10, 11, '3:24:35', 'A6IS66RVDL2638DDYR270W95DT OROD3KHG2NV0SRSKFUNCT0SE221AM3R0FUW4D', '0GICL9F92X8RGPH03PRX8ICD3LTUYJYOSC72U0JUB 6PEHNUQF7PGRN01BTQPA9B', 'R M1GDIKFQSQJPSUG2QSVIP1SFEYCW5DACCBI1IIXDTJQEGKBR4FWJ0F7JS7SU7I');

insert into ad_videos (ad_video_id, advertiser_id, ad_length, ad_type, ad_show, ad_advertiser) values (6, 1, '6:41:40', '6SDH0T2AY2M8AW7UHQ KV0ILIYJDOK8BT KF945FPISK27AV749X52E4VKVX5P3P', 'IGFWNJY95W1GK1JP0U4FI55I3 SMK9A0VHP3MI7AAYJ2H3FMR4H0IEESUYM2MIVJ', 'AP6D8US7VDM8CK8D9C P5DHOUBUOHQHVUO6J8AD4H46OIDW99U8HBIF54B1G76L9');

insert into ad_videos (ad_video_id, advertiser_id, ad_length, ad_type, ad_show, ad_advertiser) values (18, 16, '6:9:9', 'NYGVVO4OYUAOVL5 5SYMN45QVJ9T363B 6ATQAP WOTVQOL75VB5OYT4OU7RI9EY', 'PC424J 8IU1JI1FF 3X1WHB7C54D31HU06O87YI1F0J3S9I69SHO3JKNOJM9YIS1', '0205SLI8XEY18RV0BLK80XQ21L76NFRD S00VG3S7586W8A2 3B409WLYINYX5FB');

insert into ad_videos (ad_video_id, advertiser_id, ad_length, ad_type, ad_show, ad_advertiser) values (3, 1, '0:19:30', 'OPNEQUJ4EW7HMUB3QNYILBRFGSGJ3Y64JFM7CAQV9D4IOCNEVSV7H MVCR1S6NNR', 'NM93PB1GADFTNV6QD5RCQ 2XRO4OX99EE6YBJKFLNHEUP8L9XBN5PQDRB 97DN25', '3N1UG69PNM1OBUUWS EJFKLA640JG3UBOA7EYBQNUV9868UC5FSV8FGFEP VL MJ');

insert into ad_videos (ad_video_id, advertiser_id, ad_length, ad_type, ad_show, ad_advertiser) values (11, 14, '4:51:19', 'YBFIP S94JC8TLD4261WI7G VJGLO869EBKQ6C 22J6P9FQ32BGQ8EC7TB2QEC07', '1SDXXME9LRK07G44GTLI77815FV7OEOA5N1T39D B5Y7ACPLS 0P7Y6J5A1R25B5', 'Y5BAK47513P 1AC7CJDRCWSOJUAJH5R5GTEU2W4C7K4NVWB83PK3OICTD2H6YR3B');

insert into ad_videos (ad_video_id, advertiser_id, ad_length, ad_type, ad_show, ad_advertiser) values (13, 13, '7:35:23', 'JRHVRKNTDOWJA6SOH61VWGGTQHUTUOGBVQRMA6LKC59TBDNT7X 49BY015VDAU0Q', '9D5TEDVSGMAS1LM61IMU5 TI9UD8DP7W WPKWSEW4PAJU17ES1P0WT1O1G4J7 PT', 'R8UYL9SL GLLY1A88FHIAV2PEE KA4TVI0LTP1 ELD2VJ1S9WK69A93V8DVYBPID');

insert into ad_videos (ad_video_id, advertiser_id, ad_length, ad_type, ad_show, ad_advertiser) values (14, 16, '1:7:49', 'QC3VKU23BRJBX4NKPC4UC12WNCWA23BM54XDJWBC5E8BORUX05IL2C1GNQYBDNSA', '1RGVHLI1TIQ7IBTQTHPF 75KAQ6O6M2A5HTLOAEG A8A4 8I5HX40XNACOFX1X9W', 'V0KPA0DEMHDL8KPC175YYITN9FGF6H06ML0S0XXI670R2VN8J4GQRNKXPB8HNTOS');

insert into ad_videos (ad_video_id, advertiser_id, ad_length, ad_type, ad_show, ad_advertiser) values (15, 3, '1:59:45', '50VJNQ6U3N7SDBVB0SX9YTKP2OWABCT4PMM67JR8MTU3A2H1BNW1JHLEATPM9WQE', 'I5UON5XIR7A0X0UL6DBF ETLUTMJFDE786C2GLWOTTYDYGF6P4LBGN DU AB1PKY', 'LUQTVH7NHVBFL2OD DKFKEHDWQH5V0Y4TTG6FFV WIJ0QP87NM54BMJT5P0X9G2T');

insert into ad_videos (ad_video_id, advertiser_id, ad_length, ad_type, ad_show, ad_advertiser) values (2, 1, '2:27:38', '40UFXYW4XB76S0AIT1F9L05HKSH6RIKXGIAX4MHH9KP458LP4GXOFPR9VOLLQMDE', '3PW7L0C TVFRJTD295DNHFTUJH3XEDAJOEUA363K6IQ7J7D5MJ0W4DBRYR10TB5C', 'PX8LGM28JLJTFV5ICL8 IPXXPMLEH5TO9 0BWOVWVYKKMC1PFPXTBC1E2G7P9QP4');

insert into ad_videos (ad_video_id, advertiser_id, ad_length, ad_type, ad_show, ad_advertiser) values (19, 14, '5:35:26', 'RP2U873VEX9ADVI741SM10HJMH093NNAJ3JMGSRWXNL6W7V3X 87KQ6A42YN5JAU', '3KKBNUTEOECT4Y2NSO53B4S 0UW8RI793  TONYNKL3FPIBK8 SK6 7BR VK3UQW', '61BP84GTK8RE2N7M4NQ5D9HYECCD 4IWFGWEA1NH747YXECPB8VTCDJ15UOVLF82');

insert into ad_videos (ad_video_id, advertiser_id, ad_length, ad_type, ad_show, ad_advertiser) values (12, 7, '8:59:10', '2B5J 6CP9QVMUTGMJF0LIFWVE5PJS PH4 WEQ2SN1EPS5O4VJT1O4G7GFQMKQKDW', '43NYUEWKXV6IKKYPRB201BAUKQVDSR 9D2KN7MV M5AQC39WSA3K2ALJB529K80L', 'U27DWNJ6W IAE6 HW72KKQ4ST5QPFSBQED15BH FG13CYB25WHBJW13HWUXSPQMB');

insert into ad_videos (ad_video_id, advertiser_id, ad_length, ad_type, ad_show, ad_advertiser) values (16, 19, '1:37:23', '5W1IOBFI7MUFSJX31OJYRKBYXGT0VL1 YVPGON NQ2WFKVLDY7GQO0WGPR2ALVPW', '39IOSSXX7NM9C OP9PBY7HXLBVAG3I9GTUG2DNK1GTINQ2QGUIBMN74IO8MQVMYX', '405FRKINQ7DHOFO71NASS6EUOJFG032AFFCDHDBC3D TL9MCGK78OWSB1JOTDR4A');

insert into ad_videos (ad_video_id, advertiser_id, ad_length, ad_type, ad_show, ad_advertiser) values (8, 11, '2:45:32', '2BJMC76YXFD75EJ XF462FAQ6KOWK2UR2N709XGVRE08B6BH88D384LMARXXLG45', 'AMT7OF5URTR43CRDI6TFVKSNKUO1I  S33BJ6BNQIH07QX642JRYPTFKRPT52F7F', 'NEWOWR0P 2CCJ7IQRCOWYI5G76YSECCML12D7TSL7YVMIJ V1PO4GDAUGAM003 0');

insert into ad_videos (ad_video_id, advertiser_id, ad_length, ad_type, ad_show, ad_advertiser) values (17, 13, '6:56:10', 'DB0EM0PCC3HLFS71MK JTLNPR2T55UJB7D5SNGDKC87WHY8ONEI6P4DP8D95497H', '2 SL7I9L4P 3 DRRK8N2XRN5BJP6K YL J3LAWR27H75RV74LT39F5LKQWUVDXLB', 'OH66V6LAIOJBVJH 5MXKDS87B5H23PG3HD8OTOU9G74J5T146O M20BPEIVR2H7N');

insert into ad_videos (ad_video_id, advertiser_id, ad_length, ad_type, ad_show, ad_advertiser) values (1, 14, '0:49:48', 'GICXOV4I0VB0Y7KS6X3OPJ3A0MI8AE7SIKAH2YVG4WQLSL7HNW HDL71YPPH53 G', 'FDH1TN47K8E1G58AB8380MLVUMB1TD8FEP0G2GYT0QB1R922DILQ3JBB3TJAOFJX', 'Y QQONKT5GFI7HVYHQ67M2JVQA9R0W9K3ROC2 TYIAM4YW1CEJVJLN1FOU6C3H9X');

insert into ad_videos (ad_video_id, advertiser_id, ad_length, ad_type, ad_show, ad_advertiser) 
values (5, 15, '0:0:0', 'LJTBH66ALKE8QT7 X2L5ED2T8SMH0V89YBATL9PDB08OLTJVOU2E9R2K CPKNMJ4', 
'KSEYL3EADC65TR GJ2ANPCPBTSUE34RULJT9K577NVSORMTH1KB0OOD6TC 3O5S0', 'JG7QNWHU JVYC37WM2 3XEX7 JW42RBDBKB75J9PUMHRQFN BH6JWF5E5D5F00BK');

insert into show (show_id, cinema_room_number, movie_id, show_start_time) 
values (4, 5, 15, '1809-3-8 9:14:18');

insert into show (show_id, cinema_room_number, movie_id, show_start_time) values (9, 15, 5, '1746-8-5 8:46:38');

insert into show (show_id, cinema_room_number, movie_id, show_start_time) values (0, 18, 13, '1-1-1 0:0:0');

insert into show (show_id, cinema_room_number, movie_id, show_start_time) values (11, 16, 6, '159-1-17 1:3:35');

insert into show (show_id, cinema_room_number, movie_id, show_start_time) values (5, 9, 17, '968-9-15 4:55:59');

insert into show (show_id, cinema_room_number, movie_id, show_start_time) values (19, 7, 7, '819-10-13 4:19:20');

insert into show (show_id, cinema_room_number, movie_id, show_start_time) values (18, 7, 0, '1605-11-5 7:39:25');

insert into show (show_id, cinema_room_number, movie_id, show_start_time) values (16, 13, 2, '1102-2-26 5:48:39');

insert into show (show_id, cinema_room_number, movie_id, show_start_time) values (2, 16, 14, '588-3-28 2:58:30');

insert into show (show_id, cinema_room_number, movie_id, show_start_time) values (10, 17, 12, '225-4-6 1:23:20');

insert into show (show_id, cinema_room_number, movie_id, show_start_time) values (14, 2, 19, '323-3-27 1:51:4');

insert into show (show_id, cinema_room_number, movie_id, show_start_time) values (8, 18, 12, '1657-5-27 8:19:54');

insert into show (show_id, cinema_room_number, movie_id, show_start_time) values (15, 6, 16, '1230-10-7 6:10:27');

insert into show (show_id, cinema_room_number, movie_id, show_start_time) values (1, 17, 16, '1511-6-10 7:17:9');

insert into show (show_id, cinema_room_number, movie_id, show_start_time) values (6, 5, 13, '451-6-24 2:33:35');

insert into show (show_id, cinema_room_number, movie_id, show_start_time) values (12, 3, 2, '99-12-29 0:39:34');

insert into show (show_id, cinema_room_number, movie_id, show_start_time) values (7, 17, 4, '1040-2-25 5:21:24');

insert into show (show_id, cinema_room_number, movie_id, show_start_time) values (3, 6, 16, '721-3-27 3:37:8');

insert into show (show_id, cinema_room_number, movie_id, show_start_time) values (17, 19, 5, '1444-7-6 6:50:12');

insert into show (show_id, cinema_room_number, movie_id, show_start_time) values (13, 12, 15, '1369-2-6 6:34:13');

insert into show_ads (ad_video_id, show_id) values (7, 4);

insert into show_ads (ad_video_id, show_id) values (9, 9);

insert into show_ads (ad_video_id, show_id) values (4, 0);

insert into show_ads (ad_video_id, show_id) values (0, 11);

insert into show_ads (ad_video_id, show_id) values (10, 5);

insert into show_ads (ad_video_id, show_id) values (6, 19);

insert into show_ads (ad_video_id, show_id) values (18, 18);

insert into show_ads (ad_video_id, show_id) values (3, 16);

insert into show_ads (ad_video_id, show_id) values (11, 2);

insert into show_ads (ad_video_id, show_id) values (13, 10);

insert into show_ads (ad_video_id, show_id) values (14, 14);

insert into show_ads (ad_video_id, show_id) values (15, 8);

insert into show_ads (ad_video_id, show_id) values (2, 15);

insert into show_ads (ad_video_id, show_id) values (19, 1);

insert into show_ads (ad_video_id, show_id) values (12, 6);

insert into show_ads (ad_video_id, show_id) values (16, 12);

insert into show_ads (ad_video_id, show_id) values (8, 7);

insert into show_ads (ad_video_id, show_id) values (17, 3);

insert into show_ads (ad_video_id, show_id) values (1, 17);

insert into show_ads (ad_video_id, show_id) values (5, 13);

insert into tickets_data (ticket_id, show_id, seats_rows_id, ticket_payment_info, ticket_price) 
values (18, 4, 7, 'E 5C3NLKKBGV517FPVHONHY1JVVW4DH6W8EK3DDFSNK6RCTSP3JEG2FRKAE V7D5', 1);

insert into tickets_data (ticket_id, show_id, seats_rows_id, ticket_payment_info, ticket_price)
values (4, 1, 17, 'UBSPJEMBT18FFHMMNV7K7MNNFJ8UBMT6A6J8O92M713IW LHQNNJDVQGMWG1TRG5', 12);

insert into tickets_data (ticket_id, show_id, seats_rows_id, ticket_payment_info, ticket_price) values (0, 16, 15, 'DCW4LEOM ISM774WI9L1AJ70B9KEIJXKXR5EDB316RTRIGHP8 0CP1A64485OPR1', 9);

insert into tickets_data (ticket_id, show_id, seats_rows_id, ticket_payment_info, ticket_price) values (7, 0, 5, 'W5JCKN8FGB7L6N  F5 Y810C I0U UCJ14VRSEFBFD16HAMMB0HW9AOWI9IAFLRT', 13);

insert into tickets_data (ticket_id, show_id, seats_rows_id, ticket_payment_info, ticket_price) values (3, 19, 1, '182DI58FK6SLR3V305U5RCJES2LUMI68GI0Q4NDU5IG9Y5D310GNFF69T3 Y2XO6', 17);

insert into tickets_data (ticket_id, show_id, seats_rows_id, ticket_payment_info, ticket_price) values (16, 18, 19, 'EO3N0PJXJCJ1NJFFNOKSMNX3 YQJ495T1C3MXPR2OL55OWGPWGVAW5J1QYPO8UQQ', 7);

insert into tickets_data (ticket_id, show_id, seats_rows_id, ticket_payment_info, ticket_price) values (8, 2, 13, 'LUEJ3TWOBDBMDMQHSJAFPRPOQ3 OKU5F22PTL1Y3QP82KYFYK6E5AANFTJ6U45WI', 11);

insert into tickets_data (ticket_id, show_id, seats_rows_id, ticket_payment_info, ticket_price) values (6, 3, 5, '1 6 JWJ48P582WPVFOJ279AVY H7RKTH42SS7N0RYMGOC NOBX4I3KUC0XRVH KJ', 0);

insert into tickets_data (ticket_id, show_id, seats_rows_id, ticket_payment_info, ticket_price) values (14, 1, 15, 'Y8M99TXNFC97PXSXW19WEWK1QQNO8Q51JIVB7BC9CEEASTIJBPH0VA1098YSN130', 16);

insert into tickets_data (ticket_id, show_id, seats_rows_id, ticket_payment_info, ticket_price) values (5, 7, 3, 'O U3PL74TUL06J343K PPACBVWUDWIQUE4QXJ5KYT2 GK6F9WC17JJIIOL8YOC7M', 5);

insert into tickets_data (ticket_id, show_id, seats_rows_id, ticket_payment_info, ticket_price) values (12, 17, 2, 'A 3VRUWXCLV71IPESWXNL25GBGVJ FOMBL URJMXINR SA57AW4KV9L2TQG0B2YK', 3);

insert into tickets_data (ticket_id, show_id, seats_rows_id, ticket_payment_info, ticket_price) values (15, 3, 15, '27RT6BUJ1H5NQELB939JUFRHQTQCMFUJQ63N0N9W2542MJNUSBP64 TSXWPAPKAI', 14);

insert into tickets_data (ticket_id, show_id, seats_rows_id, ticket_payment_info, ticket_price) values (17, 2, 0, '2HC5NP77USWNJVO2QFYPKMB PNQ9BKFLX9YPYALB8UECQSFD1GF8SVIKW6QSNL99', 4);

insert into tickets_data (ticket_id, show_id, seats_rows_id, ticket_payment_info, ticket_price) values (10, 14, 4, ' H655PV0TBQDHYPQ9MXHHN6WN499FN6FIVV8T06G57H G0F5RIK GSGGDEFKTJ8E', 15);

insert into tickets_data (ticket_id, show_id, seats_rows_id, ticket_payment_info, ticket_price) values (9, 14, 14, 'XE3KR1JW45IALYUN19XSW9JYH2MI106SHWNUTTPU0SAV3IWIVRE8EG2VA8B13G5F', 8);

insert into tickets_data (ticket_id, show_id, seats_rows_id, ticket_payment_info, ticket_price) values (13, 18, 18, '1WGE7Q3FE3F5LU1TXPDEYA WQ2KYYWN2YKKIMCNT857JGDBD W4XVGA8SC1WARVU', 6);

insert into tickets_data (ticket_id, show_id, seats_rows_id, ticket_payment_info, ticket_price) values (11, 16, 6, '5RNL92B3B MIE WP8CJWOWHLE9I7SCEJ5NQ39KQKP7OVEJI21FHKO05L3I7UJD0K', 10);

insert into tickets_data (ticket_id, show_id, seats_rows_id, ticket_payment_info, ticket_price) values (19, 14, 5, 'R52VM MWEHG4T3IMWUC8SBO15XC7HP442BIF1TWG7RW3SUCQRN7SAOPWF7 MCPDB', 18);

insert into tickets_data (ticket_id, show_id, seats_rows_id, ticket_payment_info, ticket_price) values (1, 8, 1, 'II BS4IGKI2RGKG6DXONGVCUOK2QQ5POHM5NWAH4JWLOC2V3 8K6KLUP9KS WFAK', 19);

insert into tickets_data (ticket_id, show_id, seats_rows_id, ticket_payment_info, ticket_price) values (2, 18, 9, 'TAHT67H0NDT8525JBVC4RI6BE7EDOQKH1FU466L468IHJC1XJ0L8RTQ01TIB1U8O', 2);

