insert into movie (movie_name, movie_length, movie_license_price, movie_rental_days, movie_age_restriction, movie_director_name) values ('ERPL9PWVUEK67TALT2T2KDKLSN6DQJNNWXLLFNAPD6128EKPUIC6U94164T1BH8B', '11:55:5', 3, 9, '  9', 'NC937AV3HW HM4 JV1EQOPKBSVYR1AV9JD5N073K04FYQ3QA3B2HIMY0TIEU7CAT');

insert into movie (movie_name, movie_length, movie_license_price, movie_rental_days, movie_age_restriction, movie_director_name) values ('16NCYMRWUUVONRVSH252RACASYR 83U27TB8OF7SWGASO4RFYWPJCAXDNMCTA2Q3', '8:2:8', 18, 3, '  A', 'UCO56RQNRSUTF7 5M4U59IUE8BY04BQ29Y5RHPYF2AFKGHIA1X7S430E67LNG8VI');

insert into movie (movie_name, movie_length, movie_license_price, movie_rental_days, movie_age_restriction, movie_director_name) values ('UH0UWT8K2LRU93THBTJIAA19ONHROB4NR2Y27CE0H95  VUT7FQ39880EGAI5DFI', '8:47:46', 7, 6, '  B', 'X6CH P0TAJR5H2BNWB9S3OKKU0B2XR7U73U9DIKSF38JHINCIYOKI7MEPAT3QXV3');

insert into movie (movie_name, movie_length, movie_license_price, movie_rental_days, movie_age_restriction, movie_director_name) values ('S0 FF7A8E9OGEV2W1Q3T21N8RSC00EEDS17BEJ3AUJDFWADQ66N T2VK8L9AOU6H', '13:16:9', 2, 17, '  C', 'SWR5H4FICIGGJYUUWNMPO4OLV4JIM HU0XTL3U1CA15HJN7ESJI56M04H45YPH 2');

insert into movie (movie_name, movie_length, movie_license_price, movie_rental_days, movie_age_restriction, movie_director_name) values ('41K34AVTG7AWKD3UFY8B5RI HR X7O342FTXWQHMP3IYYURAKS1 9RD45X323247', '1:18:26', 12, 2, '  D', '0M86H9I3L37YYTXYJ8UIBK 6J0HEP9943E5WXS8S0LUQ9MA1L65FK616TRU7J3KI');

insert into movie (movie_name, movie_length, movie_license_price, movie_rental_days, movie_age_restriction, movie_director_name) values ('A5INHKR MUHOAUYBXQ MPW0F23XDD3D7H1CX3N UNH9VSL33I7UXO49L4MQD79YE', '9:48:51', 11, 19, '  E', 'QL3R D127EU21JN5VMRI22J72XUP5AT5VSHPOLP99L5LGIFOE4XRM4G4VK2 PQ20');

insert into movie (movie_name, movie_length, movie_license_price, movie_rental_days, movie_age_restriction, movie_director_name) values ('MOEDANDA00P BCEXHL7JI5YP MWHVDXYDHDPTFTFGILK8ABWWP1BDO66FSY5XRNT', '3:32:4', 13, 0, '  F', '2G3GYPO8C316IH YW8S03X2TSIE7S48DAMYFYVEGN8653UKGSX5MN8RTR0SJSYKC');

insert into movie (movie_name, movie_length, movie_license_price, movie_rental_days, movie_age_restriction, movie_director_name) values ('3U62P9L44HMHXDH6IW4FF5IFL1L6OMW9K443W TMJWQK2HW XB1GQ4FO2K19 PF8', '0:29:59', 10, 11, '  G', 'NG5R65HAWFXNBYKQI1 1OEI0XADYCYNP2M3YH URD40BMNOAA8CWNY24APWT F3Y');

insert into movie (movie_name, movie_length, movie_license_price, movie_rental_days, movie_age_restriction, movie_director_name) values ('CFJDK92 HJDQOIUN0GP27MKX4P42IV24XPNFU7ICBYYMW7K0I97JV6CK207WD06A', '0:0:0', 14, 7, '  H', '4FP6HJJNKANHW354 J BSSYKBG6G5S7HI8J641PDY2JQNYXIG   707T66S3 YTC');

insert into movie (movie_name, movie_length, movie_license_price, movie_rental_days, movie_age_restriction, movie_director_name) values ('EWXL9RTKXAJ7JNAG UANCKBPOSNWLUGHKF02FERWN5ACYSR8EKXN27SKPP1F3WON', '15:8:47', 16, 12, '  I', 'TNPFOSTEYJS7IXJ4BJ8890P7KAXBKU1FV2RH0VEG2Y5 LQVFC DXDV3CNS PW5MD');

insert into movie (movie_name, movie_length, movie_license_price, movie_rental_days, movie_age_restriction, movie_director_name) values ('PQDJWO01XRN3VS79M7QTJ EMNBRDHK2CD6BRD52E8Q594ERIEQ3S8J9EEBN0KX7H', '12:25:10', 6, 4, '   ', 'NFPNJGISJOALU0W1OO39AIKWBY1OUIO2O2B6OCIYQLW6609LT0AX9US4AD4S8JQK');

insert into movie (movie_name, movie_length, movie_license_price, movie_rental_days, movie_age_restriction, movie_director_name) values ('KOPSW 4M6HK3QHE35VJ452QW79RM127BPDOK3E2WIVFQODT1YKLNDXW36D8HTJEH', '5:41:26', 4, 16, '  0', 'CHUNYJNDTCFB1L868UW9 F J349JS 3E8PUCXS01DB13BR 3YEH4FXI4DMJIKQGJ');

insert into movie (movie_name, movie_length, movie_license_price, movie_rental_days, movie_age_restriction, movie_director_name) values ('WC8J6AGWTDK26X88TMCMJG36HCE4 19HJX5329PLMYRR6GGYUCLNV3CBKLLP8E93', '7:9:40', 9, 13, '  1', '5QUC7H68YN5PEQ0K76Q4 G72S5NQHAK2MSI6DPO2M7V38A2C0YDVFE3U3QSLU796');

insert into movie (movie_name, movie_length, movie_license_price, movie_rental_days, movie_age_restriction, movie_director_name) values ('2YA1XHX5DK9UPLNU ANQMBL9M16VXFH0UHYC33W2FK1O1OXM3GDQUI5OA6SE2TH2', '6:19:28', 1, 5, '  2', '4FLOQQDINQC7U8MT1TBWCMB9F2A47F1ITRMI23 74L3EJC4HP80AX2WO3FGT11CP');

insert into movie (movie_name, movie_length, movie_license_price, movie_rental_days, movie_age_restriction, movie_director_name) values (' 2JMPWRWFI0Y2EG7KTOD8ODJSWVDFD5KFWWKHOHYBJI7 7Y1GDSKG7VJPSNUT076', '4:34:35', 8, 8, '  3', 'CPUA DLG9SMKXLW3TCQPW46BA5O1T45MBY69TDWH7ULB01BYCMPENL SLQKW1M9L');

insert into movie (movie_name, movie_length, movie_license_price, movie_rental_days, movie_age_restriction, movie_director_name) values ('555NHTI07EXAE803S0 H83F81REN6CYUHHCVLUXIOXT4BOQ2620TOUVB0MLRHIYE', '10:50:11', 15, 15, '  4', ' C1JTVLRT31U3RRV240IXCY0MTU63QLD3CPQEFLD6YRLMWBJGCXQJ Q V91FAP6N');

insert into movie (movie_name, movie_length, movie_license_price, movie_rental_days, movie_age_restriction, movie_director_name) values ('54E013YJ6HULYHUJDKX65D6JTUJD PWON0CUXJXIN56Q0OTBBM8XC9XB7NX M DG', '14:3:28', 0, 1, '  5', 'AM640HJ5G74DK6FY1GEDG1V1E8I5 TAQJPTC360XXMHJHNH5IM VRWSV IGQU95N');

insert into movie (movie_name, movie_length, movie_license_price, movie_rental_days, movie_age_restriction, movie_director_name) values ('XVU7AUPSSUFEIW2WQFY3VTA4QD25NETAOYGUGH7NQ1PWFGCS1KX000S59F1TJJ13', '2:30:1', 5, 18, '  6', 'RGY4SA4BAG9F 25J67AYWN3IHMNULYF7SX4XMSF7CTVGLVBOGXH20LYKDALV8LT0');

insert into movie (movie_name, movie_length, movie_license_price, movie_rental_days, movie_age_restriction, movie_director_name) values ('NOBED14DIGEUKQ35 C TC6HNY62V1MBKB0B3SXYLWUCWCTXV93NWYUEQAH2QFY2R', '11:55:5', 19, 10, '  7', '5NRK6Q8S2HF2SDHJE75H6L7LUEK5CLJTVN9UMSHWOQDFH4HDM1MXP9ELEHIDF88K');

insert into movie (movie_name, movie_length, movie_license_price, movie_rental_days, movie_age_restriction, movie_director_name) values ('NQY9S G 8EQFGC5Y1K1BD44OBSHPQVE4KI2BTJPKW8I1X0KJSFVX ICK1IONY99W', '8:2:8', 17, 14, '  8', 'A93N4YGF8 YW94K9N6INBGHOQN0NFW4KTF0O95 5R115LYRFPC309SRHAFCE9JH5');

insert into actors (actor_name, actor_movie_name) values ('5LTHFM8AXNS4A7DNB 2ALFEO94RGA8FTP1689U1MJRQJQ1D7G3SOTQN5DPG S1DO', 'J80 3J85BEU975H2K97OMKUCIQGQ43NGERIPVKRBMHJHG55ODFNE8LLXY O97UOQ');

insert into actors (actor_name, actor_movie_name) values ('NI22AS4IUW8K8WBSCM6751UUXYT65M5YXT5YY877DAYSQPR9VSHCT3TV5P2X293R', 'ANSO2MII9WUM7CI26 P4TW9K0PS29U C5GMMH6TMM4W20O80ESXSW2AASG 4NJKB');

insert into actors (actor_name, actor_movie_name) values ('RBPWG5KM5MUKDLH0TO3CHYD WHBRO6MSHE458 GMUJDO9P0F8IMW36K01DBLB IQ', 'TMI6S24MGYH3HLGUHCE5H1QAYWD8M IPBL DKS5SRTAW25PD3AWPL40BKL3O9URG');

insert into actors (actor_name, actor_movie_name) values ('9UMOX0FL0Y1M5WBXWSUDLJHH16KM4ECAON9PXIU4E217TBXE68942MXQAUSJJ O1', '687N2AP78FW5WFCJCLVO5BBGP9FKU26 QGGW6FX4CO0FKO56G2 G4RMIK04DDNLD');

insert into actors (actor_name, actor_movie_name) values ('FDLH3JKSVIU2MHWCJ0D5WPGXX RVXI1 1MG4F47 SBQMG6TV7088IB4R1HED5RT ', 'DSEJQCWVNW1HLJVITG2MN3NBAQG4D8FA3E7SS H1HEA48XFINP2DSXOYO1MHVHQT');

insert into actors (actor_name, actor_movie_name) values ('N57UU 4OTU N5VRUWS53BW 2I1UD0G84PNN5JD VAQX9HHEB725SKSTT0RSRJ7CD', '4ECA4QII319 83EORWNVRD2YNI969N63HPX5DYH6VUIA5SJQKVR8SV1DTOVKO4RQ');

insert into actors (actor_name, actor_movie_name) values (' 5L45VLTKLX4TKPHXCMAIB5RYGHVJGSL2P8AQS9OUF9 VB CNR2H0A8KQXEM9WYO', 'O  6KMITLUHQ8XA0CPU3DCBCE542XFD7CDCR IX475EGMK6J D4EGG3WG 7OPYTA');

insert into actors (actor_name, actor_movie_name) values ('B9SA1DKKX2TA423Y0IVTR4J7G1SB0DP 3Y0CUAEX8JIT1HNPJU 1J05RH5ALUTLF', '2XD6RK9YCR350 2VG84UKVDIGN3EM84HMWDGI31JCIPVTWPWX5D2H6MX0CQ2A0S2');

insert into actors (actor_name, actor_movie_name) values ('7NHVLG49XVMDWQAUH12W VFQVQST65KC8 20HYTUH0SRR47LABH871VUMLKDJGRH', '9DLJ1VVYE9TQDCHO46D47TPDHOH4F DJHYY4QK7IJARV6X17WK5NSXGDGWV7MUX3');

insert into actors (actor_name, actor_movie_name) values ('4N1H JQ0V5XUKWVTBTWE58CWRRPG4FNLCCUQ4IHB 5XY42VEO0KR7N7UT901FVJN', 'DBDJ9EIFKK371U3GG0EHONLSLCDWKTFBSG3SLOFQJR9E1RRLMK2X H6GEDPNX5BA');

insert into actors (actor_name, actor_movie_name) values ('6FW3F96YDXREJV4JT9WXFO5ANL9EEAC1ELKGQ9K26RYFEDBO7PVU9S2IUSOCDB S', 'F0F5XUNO0G8Q B QVYLCX9AAE 0AGN8G125XTN4QNO0BSTTXENE2UUMS66LI2DEF');

insert into actors (actor_name, actor_movie_name) values ('DVSXN9HI709AHU0FQDKNHLYSDTLEP2Y19VULA9K7MXDXXUFJWBCL1W6008MKGWIT', 'AIC7CNS NTLQ0KF6DPU5FRPH0A4JHIB0NBPWD 1AW2N36QV BFEX57W3K0SQF455');

insert into actors (actor_name, actor_movie_name) values ('P OHA9918V7XFGL CKSB9D0449QQH95C9O06LT780QLW4X6LU TU5T3O 9UOK8H1', ' E5AO7XPLNOUJDWT3VL4OF6A5K1VY02PG3SS LX4MPFS56BTC HQN 4PEDV184U5');

insert into actors (actor_name, actor_movie_name) values ('OXQ95AU2I90ERR8Q5HS1OAI3UTVN5RTFE5BSSKXLY4GHCVK Q6S5JYC83S7VRKOG', '2AMVFWX1XJU CIOSHTDYX6X6JWG2M7SF6UU5PB0OE9KT2SXE1KFOW2YGVMKVVYJN');

insert into actors (actor_name, actor_movie_name) values ('42VUB15B2VHLH0G71AI61F36PGRNTS9BMLL2LTRT7HYCW08A0COQON57W UDKVOB', 'VIC4N7JE6FJGPEFVVA26IGIWWD5EXD8NO GNIFA4E MXMF69OD2D3PBYDN12B TY');

insert into actors (actor_name, actor_movie_name) values ('DIVG36UFT230T12F1WI7FF4UWNU5S3QRARM6UK9P4DAV1NMIYK7NBADT CMXJH59', 'U6H5CWWB4LTCP74V60A0FF4R8TM5SSCEDHFYXWWD0P6SYT04UUDQQPMMCLQC9X94');

insert into actors (actor_name, actor_movie_name) values ('9KBTNWAOXNQYSBJUKRD7HPQWU1WMI3DSLN9EYY08EBUV8GGELCQ81JKOI4W0QL G', 'AXSL80QTO2LCPB7 6P0R0C52962WPARR VXKXCH28WBC 8C46A9OP5TUH0N 67UN');

insert into actors (actor_name, actor_movie_name) values ('EQIPMIH10OV3MLQPIH0725PD1A84FQGWVMOMW25XKWJE7NKUMG5KVDON4PI 0P7F', 'TT94SMOHXAY9IE2BRARSUAY6AMNT9WPBY9UDYV6NXKW3NUT5LQQHLO EQSRRXL03');

insert into actors (actor_name, actor_movie_name) values ('JQ1S1STVXV5GBWFJI7H9HNNWL9ACBW0 FAF8FJCWNGNW7B0E1CO 546910T1GMIL', 'CUGO8U0G5YJ1E4AO2RYIBQSJ68V HT2EP2FKPXLAM5G7S423R7LWB8BFOK3U7UJJ');

insert into actors (actor_name, actor_movie_name) values ('6BWO3F40BVXHTHKQBQ82GJ YEWYNL6NXC9JKLSTOGS2X3XE2DPJSPG5TMNP FQV9', 'UG1QB3D02B2I02V6E6X1A8QEBOAN72E85AR1AHX5EJ425GKLWOVM4QWLQC65FS9L');

insert into studios (studio_name, studio_year_of_founding, studio_movie_name) values ('WF3MT1IKIDMYUD1R H8B3D75U61XUG1 BU2C5BNJ4ADQWKVGUP01XOVYH5FP6H5U', 13, '17HQPROU09BQ  C0WB6GI6EGEH1EYI34UO2ULQ3LKB SWREVVMQ7OFPBIOEYLKV0');

insert into studios (studio_name, studio_year_of_founding, studio_movie_name) values ('I6FWAH1FQEIAW08 J4Y1YTN71 3D9NI07VQR7J 77H5ROUX09U853XKES1SGJ2PD', 15, 'OJLBMBJEJR0J 3LQH7FD M38RJ5Y4SMUT8PIYT6O5IODFAN9 OK7G4 9UF3CX5O4');

insert into studios (studio_name, studio_year_of_founding, studio_movie_name) values ('79NETSI1 E2KSLYC8F6HJHPIJR5QPWCOSLBXAUK7IG0XYSGSESMWIQJ5 Y2LYBJ6', 14, 'HL33QGADD1HY1BCL2D5PU61POC4OHDLDIJ87VYGGNFBCHOHBT5F400EHAQ768Q6K');

insert into studios (studio_name, studio_year_of_founding, studio_movie_name) values ('S 254A0CFHLLMIQ6HPWPA8HS59P5ANGLNJDT20AVTQ4WQWRLDK5 IU7FJXN4R0RS', 18, 'LI0TXMYO7BFTGA771RMUTJ 7GVAUC FEFLOGR5EHDE6CXLYY8EG9 MGQ0SEW6A8H');

insert into studios (studio_name, studio_year_of_founding, studio_movie_name) values ('QE6ESBRUMNNPC1S GYX9X 9GN2PHRIHIGYT8WEJDXYWRKI3LVIOWQWPVMUOX3LS8', 1, 'R1E6 WSFNLIS8U8U5I9KJT1D3BRRPP2HIQUFDPA8JVX3 C41L99QIP200657IT5R');

insert into studios (studio_name, studio_year_of_founding, studio_movie_name) values ('J5B 1641G8WLKJ7KJD21IQRCN136PM6T5GP7PK P4FRB27KCLN46RBNNY9701N8S', 2, '5CTJYAGEPE4JPFQJGUYBHAR3R0JHKYR87YQO5MH6ETCBUME23RXQ6DYT58G037GY');

insert into studios (studio_name, studio_year_of_founding, studio_movie_name) values ('5U9UD1IC5BV028YGIN96GVOQ8VC5UGM0YO4CKKR 2ED0QEUGQ2GCGM2NW3 CWK03', 12, 'DK29FFF8RKIIHLC7DE27N6NW3J04QPASG3PTLEBGJDI JWR9VYCB6N5Q2K YNO Y');

insert into studios (studio_name, studio_year_of_founding, studio_movie_name) values (' 20TDP3FS4F6NJ0M8WVKGE2IS9RLERF 86MN0T9QU 7O2R4 V2D6XYDNGUAVK1 E', 8, 'OR36898MC09X4NXWG1WSB40J5JAG0CUW2OLM6GAONLD0KSBTAD4 9X9PNJC7TRU3');

insert into studios (studio_name, studio_year_of_founding, studio_movie_name) values ('UE3TQ6XJRN7FL S HVQJDDJH 6AJ0VQFTEB CD2194YNXHYPA5M 7PC8 01 XC7 ', 5, 'EVY429HRTJLD8WA PRJH1SS79IKUPX44MX SQIDNAS66 EDC1XATHMSJ9 DOH1GA');

insert into studios (studio_name, studio_year_of_founding, studio_movie_name) values ('HDB25O 8L7RWB 8GXT1N9GMDCST5X9WM8QO5MY0P3M3A96MFATKVQMFQQPCSUFRY', 16, '0RJK1WD3JXUCH7F014KFH0TVI1AQFDXDTA3SCNCGG54O8BCOST2Y3L0HKBFIYP49');

insert into studios (studio_name, studio_year_of_founding, studio_movie_name) values ('1VULVJ51P3CT1NYGN585UEMWCDJJR7 DHS2 VO9PLOSIOU9OC97AGSHP0WUJ9AFL', 17, 'C GU8TSYBBWL  YMQ183YIQTM4RUWVT61F7BDDV19BXONJ0353C8S4 YR4J3K12Q');

insert into studios (studio_name, studio_year_of_founding, studio_movie_name) values ('XWQVH4M R5 IJ1L676TQMB8374E3RJ5S VHXIKPVPOQN0EDT3YJ70V  4CK9RITJ', 4, 'LRLQU KHU145DYAP5INPQJE9CA R3H5AQSSE0U MA1J7MUQXT8S9N1GGI2VD1NL ');

insert into studios (studio_name, studio_year_of_founding, studio_movie_name) values ('X47D4XKECILLUQ4HX7VW7JPITXA3XTEHM5LYHP41QJK40E35SE52S Q3 3I J5VM', 0, 'DQJADP X5OQQ3J1EQBN4SKJLPM69T7UUGBATI021T3Q9X5VADL88DDGNSSET Y6V');

insert into studios (studio_name, studio_year_of_founding, studio_movie_name) values ('B79E7ERXS29YVTPM1LTNRG4G3C0FQTG4 0QPIQM58GCMF6456LQJ8P1YFDYNY22E', 3, '2OFO7V9P9 UGVRK99YMSFE8WM2BF7ACDSOY4D22BA5ADK6SDD67PH32R5V6JUDDJ');

insert into studios (studio_name, studio_year_of_founding, studio_movie_name) values ('VQDTCTBPAUKF3F3K316N8R2UAB1RNTS1XVADISB1RHAQ DDDG5U9UNQ7GAQ8QNP8', 19, '4V0FUK TMVXFVNI5IYRELDBRURLPJKDEPD6BXRQH 3JRX GFM6FM 1XXPJLV9XJ5');

insert into studios (studio_name, studio_year_of_founding, studio_movie_name) values (' XUTMJ9QXOYHFJR  WE1GO BSKXGWTW63QX8 GGJ6AEGLVYLR0RORL6R2RE7CYQO', 10, 'UEEIMNGXPVTRU7L5IFQVT2NKC7BFW32ROB6DAM6N26GH5XPCXO75Y C8RIEXIXG1');

insert into studios (studio_name, studio_year_of_founding, studio_movie_name) values ('JFHD2J8CAUIUUS PFT93JUM4FA2X S02IF0EGHSW38O0O35KL8HO9GO5OH5IL0TY', 7, 'DI93A6G0U8XM79PQQ0FJQELKESHI8OC5O5T0FHRXA1DWMTL2Q0X1AWF1D3GAUVH ');

insert into studios (studio_name, studio_year_of_founding, studio_movie_name) values ('2ITMLW6QIEHY1INB1U5DC Y2259 LL3W7RXQRQPL JV61JJ9BECVI4E8QDJLKA8F', 11, 'O9DDJ7IPQIG31QFKS5FLHVIIRF4OGTP5Y89MKCC01GS0SELJHK06P1QHMEBFX2QM');

insert into studios (studio_name, studio_year_of_founding, studio_movie_name) values ('SBSRXLG9MSG5LFDCJG0XFCT40SGO1M21 1AQH8NQQ8HGMILLIIRIET3R TA8SQG8', 9, 'XCEU5 HNBNEWKGLQRFBLB8DMBG4WMFOXFRT412GF 0AYM2W3W 9YMTH3LGIG0VA3');

insert into studios (studio_name, studio_year_of_founding, studio_movie_name) values ('AM8N7HKXXMR5KTLJWL0L51F44FMJ754R7WEY9IHG674INE50EHA8JG8EFEGOLMK2', 6, 'AN8W5J70GCMCXA RMC7D2HBMQPI9312PDGDNLC79MVG4R8WL7BUHUSRXBXYDUQEP');

insert into cinema_room (cinema_room_number, cinema_room_seats_number, cinema_room_type, cinema_room_projector_type) values (14, 17, 7, '31KKTK5CNR 5IY5O DYMEG61EM2LVA5999HHHSUMCPVI4GL21F WH6IS9BMD4IQF');

insert into cinema_room (cinema_room_number, cinema_room_seats_number, cinema_room_type, cinema_room_projector_type) values (5, 1, 11, 'PKM4B76IMMQEIPTS5Q6S8IIITP9QLBCDFXI6DBPCLM47UYL1GNBDTMCB8NB68739');

insert into cinema_room (cinema_room_number, cinema_room_seats_number, cinema_room_type, cinema_room_projector_type) values (17, 19, 16, 'JK6F1MUA Q409738Y0NMYOYCMK3TVEKTBT4DPRC0UG6 8JEW5J0WPUAQT47TIQY1');

insert into cinema_room (cinema_room_number, cinema_room_seats_number, cinema_room_type, cinema_room_projector_type) values (6, 16, 10, 'GRACH0PVEC2CUGGOC0FWPW7 J55I6ODTERFAD5FTVWDJDR6GE18U7N6BCC3VVOGV');

insert into cinema_room (cinema_room_number, cinema_room_seats_number, cinema_room_type, cinema_room_projector_type) values (0, 18, 12, 'CP9LF1XE997QL6MKPMQP323NA11VVDUAL22JIYE59VEY1WTRX  WBBR6QSSV1O45');

insert into cinema_room (cinema_room_number, cinema_room_seats_number, cinema_room_type, cinema_room_projector_type) values (1, 6, 18, 'HOSY52H 5KTLBNV1P7GY3A4K1SKWA1MTSRHAF8NY6EFHWY1AHRLT6GA7HRTAVBY9');

insert into cinema_room (cinema_room_number, cinema_room_seats_number, cinema_room_type, cinema_room_projector_type) values (7, 15, 2, 'E9NT4EPP8IT8OXL3JY7Y520MX9VODRHBXPAXVK2 FCSNWVMSS899FMOLW8SCQQUR');

insert into cinema_room (cinema_room_number, cinema_room_seats_number, cinema_room_type, cinema_room_projector_type) values (12, 2, 19, 'LX0QB3S3HWKH4KCB785SI2LJJQ8QUDYIGWYWYKPLG4IOF 9RMJ EC3ITEL3JMKTM');

insert into cinema_room (cinema_room_number, cinema_room_seats_number, cinema_room_type, cinema_room_projector_type) values (10, 8, 13, 'GR8TDCNWXKM3JUKE  67RU3L6KNB9DJY4VSO37VHOS8DW5T6WAKFT5D638O8GOX3');

insert into cinema_room (cinema_room_number, cinema_room_seats_number, cinema_room_type, cinema_room_projector_type) values (11, 7, 0, 'HR5A4E2G151IBUTETC8IXPKQSFUTSDPRGJ0LFM4U63OSBKPWK5C8AVTSALUYWBK ');

insert into cinema_room (cinema_room_number, cinema_room_seats_number, cinema_room_type, cinema_room_projector_type) values (2, 14, 3, 'VB7HG46O4V9AWPN7CYX1ISUMSI  81Q1M8JIVAGAJAWPTRM21JXQXHJADJ8PPWQ0');

insert into cinema_room (cinema_room_number, cinema_room_seats_number, cinema_room_type, cinema_room_projector_type) values (15, 11, 6, 'JESMYX4AH13LHWYKB 743292SA2BCAPH8KEVAH0EEO7MLQDU49J69KSEODB 3TF ');

insert into cinema_room (cinema_room_number, cinema_room_seats_number, cinema_room_type, cinema_room_projector_type) values (9, 4, 5, 'E1CQQQONGVDYMP NL9LB53BVL 7 GO 9GA39XY2NL1XHIJX0L4TFBM0SY7UDMDEG');

insert into cinema_room (cinema_room_number, cinema_room_seats_number, cinema_room_type, cinema_room_projector_type) values (19, 9, 9, 'IRQN9QGXV9 XAKMUDJFH2Q41MKTAWL1BV21V763PL058SXJE1KAUKPLDT1B3D656');

insert into cinema_room (cinema_room_number, cinema_room_seats_number, cinema_room_type, cinema_room_projector_type) values (13, 13, 15, 'XOC52VE0SBQ0RXNS YESMH6MBC4X745E3W567BW2K1WL9CH7DJPIJLUUBSH83KWW');

insert into cinema_room (cinema_room_number, cinema_room_seats_number, cinema_room_type, cinema_room_projector_type) values (3, 5, 17, 'ACRHHY7U2YOCYNP66C2BNOEGWXIHK6Y6WOD5075C3LKL7XEPXAFJREXO YN XB 6');

insert into cinema_room (cinema_room_number, cinema_room_seats_number, cinema_room_type, cinema_room_projector_type) values (8, 3, 14, 'DJD4 UG UP0YM0XJ0TJA48MMDFHOI8M28C1KD H5E9GHXJ AIADSLYT9N852T1SF');

insert into cinema_room (cinema_room_number, cinema_room_seats_number, cinema_room_type, cinema_room_projector_type) values (4, 10, 1, 'BQ99VUIFUQ8MHEXCAJV3W9U7P HDQMAUENDVHRKCAJG1V72MUQFST6LNNGH8SLR1');

insert into cinema_room (cinema_room_number, cinema_room_seats_number, cinema_room_type, cinema_room_projector_type) values (18, 0, 8, 'Q6FPK7NA4PEV248QDRAI8KLS25O1T82FRY8B2BKGQ5C6I1BTVKOQQKTX3DDP3H77');

insert into cinema_room (cinema_room_number, cinema_room_seats_number, cinema_room_type, cinema_room_projector_type) values (16, 12, 4, '4I8MC4LEXRR59LK3 HPMTLTLW61JNMEILHD4YC37O 47 CGSO317DVHRU4SR78WA');

insert into advertiser_data (advertiser_name, advertiser_phone_number, advertiser_email, advertiser_itn, advertiser_type, advertiser_registration_number, advertiser_address) values ('VVKEH0VC7IBMMM W858VBDSIGBEHQB CTE87UY2P3VG7Q5N3IHCDLNB5PQJ51G B', 'R50BCO3IB9VP0IYLUP1VLRWL9SK4QGLXL0C37T8MKQPN072PW058OBB73IET76CP', '6OSNRX6JJ3HQPLURLKXJSJOMXIUNCI6FDINC2K60CYGIQXVIUN625VK1WMM2V BG', 'B76A1FT0MDF7PYE8L7F65RUJAHH6HDPPE8WTMDG09ILQBOW7B20JXI8F0X0GGVOW', 'DTBPLABEE7UN5LCFKHNYAQLDXF91MJDWPO8QR760FJS48KXOOO4JVP4VWX726P9I', 'OIDXUJKNDU1YHNUI W3VVL501IMWEYIXEKKXBT6IFR7FNORBPWHS89WNU98FCYLD', '36PM0ETO8OG1AGK5A2ATXBM75O9U6QMEX3CCSP4V16PVLGSFJS3V0FNBXJS1R5B0');

insert into advertiser_data (advertiser_name, advertiser_phone_number, advertiser_email, advertiser_itn, advertiser_type, advertiser_registration_number, advertiser_address) values ('BNI34JT77OVGCO1MIG 92EH2YDYV IYPODA7CWRFF9D6 0PH54QTBGOIXY71QRN8', ' VXP6RAF1YIPFAW7MHWJXJOR2G6A9VK3315KWNO8 37I4FOJH3YE0ICXCCTQWV3I', '9CUJK2JT04U8 LOB99SRJ29MHCNDR47EGMLEJDRBT8MKS82OWE7Y2OP1M7J9RFM8', 'HRXKBOPI Q6OCIOK 27LG0KGA5R33MCTP1P3FLD8BE1O3JHWGFEK1LS2V13ME4II', '7UHICKOQ3B649ST2LSP5A3IUCW29WUQ6IAQER1 9PCF08O15WQK0PMQDT2BI5KDU', 'ISR6SWVVEMD533ICORA8BOC1D5IM7U2BLIG4IUYKMOF79NFSJGFYBQCLYLH2JWU3', 'RIPA7NUE9U70A YQ5E4MHNXA0QGGIAIMQ83WDDW8C4GBHF2U54GV388LAWCHU02A');

insert into advertiser_data (advertiser_name, advertiser_phone_number, advertiser_email, advertiser_itn, advertiser_type, advertiser_registration_number, advertiser_address) values ('WQMUEY9OAOFQM0IQNRK5H1AG3CS4LKXIBLLK254FPSTEDKI1U34W1G IR1VGABKK', '3A34Q4FT05C5R18X1XJJHAK4W6GFH5GBV85AYQ4TQAF26QCJSV1KRL6GV3O1H12X', 'LJ9FHB6LUL1SY7Y8NS8YG0EL5GV2F51E3G1QN845XH7V4 1W6T8HRPOIPQ9CJQI1', 'WEYLKVDCIEVXYSTR5CW88PRVDPT12BGJPHF4GPSJPCW KDA27Y708YJL71CM8SA6', 'JH6NT31VOS7Y1X7YY6DN CLTV79A1OXJMG0INRQ21UJVX558E28Y82SJHXYJ3XXK', 'ET4X3Y61JJ4U4IEEXTWR FHKKA9L0CDGJE6I1ARM5TN0EMFNK4YC2YBJCPFQQWL4', 'BIL5Q50SICS7SI0EMC5XCJY5BBFBBJCPWB1PRA3MLHGM396PSDHRB68PLQV3YMT7');

insert into advertiser_data (advertiser_name, advertiser_phone_number, advertiser_email, advertiser_itn, advertiser_type, advertiser_registration_number, advertiser_address) values ('IPGA4XYFLEU5TSXI7SU9ACB 5WW T753WBFGIIQIVIJL43TQ0I6L7TXQ8X2E2HNG', '9WE8GATV3ROR9W26FYC6YD1N3F7TYEJ9Q9BNWVVAC82JNVWH 1O14C 5ABV KM4S', 'GL38671S0K8RB7LCP1KUL0UXF0V5WN38QO6A0GO602T75KBWYT7BMY5QH62VGL4B', 'YJ9DRJ4OACSJ6T33N72KK8V85Q7XISMGM2AOTUYB1P8GYW5C9IHJGPH738 FEDNX', '00NCLTM0LYMHLE2OH 91JD1WRU27 2LPPY8UWFVN6OGKANA7LP T04MCKK2O8AQ2', '993 I67BH61GJ8CH3DSXPRU7NTORH2VV8U19I TOWVQHQQV OQFQGTY580 RR17J', '4G1XLF 1BICQ1174C6WME4IEWHT0O7CJ5B8WN69ONHC8XRRJIIM7EE6QDN91V26M');

insert into advertiser_data (advertiser_name, advertiser_phone_number, advertiser_email, advertiser_itn, advertiser_type, advertiser_registration_number, advertiser_address) values ('5W2PIEGPGW4P3TI64UJCF7V6822CGMIFIWJFXIHUGHBT1II27WW XD5TD30UW4L7', 'D08PAN50 LVCYD9OI36KE6OTOBRLFSVDRPS4U7SLKUDKNNV9PXXEY V41BD8DYJ ', 'D4JOYWC5SRO4OURN9BGY8Y49A3S4DO8LMIF9XDKBKYLFKWKAU52KG3MQ8SHLT6V6', '49CH1Q8YKI6S5GTVYGDF95JTKSNRVAD60V1ER66OLIJ02MJ7T0J483S0UHY5E9JR', 'A9LHX87MA 7R2 W2JY5E9DCB7CWY9OBC51ASBBP925OII7WNLBYB2LMR 6H7P3FJ', '2LO RLX2VTX2VH 0FQRGBN8YD7LVC0VS7KSS8407SXJV8E1991VQPGO795EIQXC7', '2FUYID5CPGRG54BOLSWLOFR XWL42DXCUOJYXX8J7WYCAC9HBANYJWYK0920URP9');

insert into advertiser_data (advertiser_name, advertiser_phone_number, advertiser_email, advertiser_itn, advertiser_type, advertiser_registration_number, advertiser_address) values ('QJUAYVLVUTVY9J2FFI9NB2OOILRU05U012OF56C WEXJTCD1XF014N8I 5YFS49E', 'VVFQC0K1N5O1HYQ15GDMJNU2T57V7FFXWO8VNGN5XKXSV E3T163JJM23YJ85K1D', 'YLXKF0CMDCN513RRIWDB4P3LE1KB9I2QQR7QASJ5LUL4V4J2E1323V3L1936C3RI', 'DQB5E2AT2NTWO76ORDX4OIU29IUIRKEKJ628WFTWM7GE53LEUUDXMHT62W 8KJUK', 'I5M 5YAOGRAXYIHG4EODFSLUJWOGXXIYDY03VK1220IP3TMVWAGR4INX0E492GCC', 'IVQ 6OAIW5O2AD9HPYOKHJSKT1E6P0RIE0D61S2V4XT86 33T1X4GG99FGHYV2NK', '57RCBW1N W0KF3UG6F5C5304KN18Y8CDWLWQKRYDHEFSLUPJBUBY32841XH9WGHO');

insert into advertiser_data (advertiser_name, advertiser_phone_number, advertiser_email, advertiser_itn, advertiser_type, advertiser_registration_number, advertiser_address) values ('6AY4C6Q GEY0QKWK0FFSPXTK 8JL326J7IN9T82F2LVJ3W7UFPAJCS OXSS7AQD9', 'IEX3KQV8IN38BCG22KFMKDHKA64IS5EREO8H0CP1TGH4O4J16CYPQ95WNALIWVG6', 'HEEP2FE68CMTTXKFDF56HTHL1QQBOHXAYMQEUCWQ2HEKRYHRUHRYACFTXES69BKX', '8DCBBQDRP9XQEIFERXR176UDGOYD9C8GE4A CXXO4F76WMMYO0WTMBOHWI 1WO94', '8MB5FR8XR1UP3A34P4E 051FRX2EE9K XO3LR9S D03ACBCX6J2SEFCKA1KEGLNM', 'SSLT580KNN0MLUS5Y2N40G6B4GYE7WKYR736BSQH7SHWTPSFBI77LHF02V3VPN06', '0PRRG986O5GEM EL5XX5BOCWXL2FT0QV4CBP1IKL272PG4XUXDYE15EJ 4HUF3 4');

insert into advertiser_data (advertiser_name, advertiser_phone_number, advertiser_email, advertiser_itn, advertiser_type, advertiser_registration_number, advertiser_address) values ('OXPK6XDH2AJNI14RLUTF0WMV4XSCB0GWEVBTWSMR RRYNXKIWDRHQ9LQ6HIT HQ1', 'GKP Q494KBGUYP9WW8RT0N3OEHRREMPIIXUB4KWB4QH89CUOLQYR9LAFW5IYHCSN', '140 WJOJVTM3GR JIWCHITIBS6CT38NYTOCUPHSXSCTCOCS87BX1CXMFSW07R AH', 'JHFW5E2LS2I06SPNL15WGQ1A9NV34YWYKMU7TSSXJMYTS4DUBOR1FDXBP26K3SNL', 'CTG9GHLF6I9PK7EC58STTIKRWMCGB3RLHIG7VO3FLF4OF8H9TP2RLWUWMIJ8MFKP', ' 165MWIPUT O8AQWE5K5XAA7ICR6H4O86YMBAL5EQ66IS1X1MBJQ7GJ80IAWCTOT', '8OTT2R21JE66 NU3C4PAOBYNUI028YMJCKTU3XEMI2CWV0UMA38UARXXPO6DT6DT');

insert into advertiser_data (advertiser_name, advertiser_phone_number, advertiser_email, advertiser_itn, advertiser_type, advertiser_registration_number, advertiser_address) values ('KXX2XAKF3RDWXGNPBA6HAIJGQJUTJ2 K2I8EFPC LW5ERHT N0SAK8UD2DCY0LA6', 'NKNKTMOAJK2ASXYFISKBPU109IAF1HG EGG1EBHYP3N54EBH989HMWAM4350N67Y', '0A8TQ1 62O1K9KNGLSP5HFGVDMKBP2L65XX2W6DJV6RQR0SNOVJT8OCKNULFEWV0', 'HIGT0WQIIM7 VT9GNX2CTKS3QMIAH6J HUH AKW00XMRQHG40EJLWSDW1U VW9G0', 'DLHGN KB8AYYRHVRC91KJEOHYHK7QICJOYE0DPP91QCYTF6M29JPNY842QTA59FO', 'SFS1USHAX180L11LPNNTB 7UYEUKRRUHTNJUXNIXCLIPGBOK4NMV4WFBMJYQG3C9', '3VNSQHNXO 0R48BIRWDK 4WF6682FDKNNI4EHGCI74WA1RKOTFT8Q5D38HAY9WBQ');

insert into advertiser_data (advertiser_name, advertiser_phone_number, advertiser_email, advertiser_itn, advertiser_type, advertiser_registration_number, advertiser_address) values ('ILFAMQRKTPOVTWXVQ7T0DN6LNA8RIAEE06CE5EO9OS0AFAVSWU8WUWJBPMJ6IQ08', 'P9SYA1XK2K9J5N4J4DRGL68K6VPHHYA4WJUG6ON6SV6QKS3JTR6RBDWRY5AKC0RP', 'OIWG435FTOELFQTH29LY2T55T C1 17XM5VJEC9M5Q9FK8SKM 0969HUNAL29JYH', 'CM83XNF5 UIJUH5 JY6VEEV144FGO39SOE41CQ7866INAIROPFLQFPPPQT59EFGS', 'XE1ILEOE 42G   EUJXGFTD7KAV1NL8AX17JLSFJFJHCJRCY86JGG9SAR09D2FSJ', '1GH4350SKIE1COYKS 15C80QGFA5133FX0SL3PJ5B35GMPNSEOKNHFA THS KWM6', 'LOLXQGERR1VRXIS9SQPTOTP2M5EQJI637LEQV9TB LRB3FIYSH7 B6MQXNE0710N');

insert into advertiser_data (advertiser_name, advertiser_phone_number, advertiser_email, advertiser_itn, advertiser_type, advertiser_registration_number, advertiser_address) values ('JHWHAY9NN01H034I13SX5LLVWXTATH4H7XBO2C8 PWTSKUH1XUPOFIK8H8 RUT8V', ' T2OTE7XSJ6QFOMGKILG P54RDBCKMUO6U JHRNNQ0 C3Q57Y FKTE 0SFKR1 80', '05RV29A S HW9ALJKWFVMI56OV0DCC7MLSEPVA9QFU1FXKM7RYAXFP412L8190K6', 'XS1N7LMBK92JHTJAG0 D3HRM0IQMRT6O6F76BD2JL6613G187M3K7LJKMK0GWAGO', '2 5RXRITARENE0KGX5VN6NHH7BME42A ITATFPM MICVOQGVDEYM7L4OGL1CH5RT', 'A50UX7WEHCYTE60O48H684OXV4Q1JUJWN7NJJAEAOOJ4AG7ER7ASAB1Q0CFC5FLO', '3G4HCW3 M0P1053FNCI8NCQDWDA  RGAHLS1AXCLCKCI1RUWB7TDT99MN8APL7 F');

insert into advertiser_data (advertiser_name, advertiser_phone_number, advertiser_email, advertiser_itn, advertiser_type, advertiser_registration_number, advertiser_address) values ('K4GID26KJBSUF18R8S8F4MQRFS TA06A1 SE3X2HFNTRDDN61G3DWCI5C90WBWQQ', 'P2HIV8V2ILBB05FU86JQLDNDR8DQFHLUBX6VI3YCBOJUHLTOEPTE4NXJXGP88TU1', 'K5FYWVJXYGFB5E6TROP0A2QCORIEADPC6NR9A41YIAY1D1PXYS8YN6EFFVKUNY2E', '5LWHP3JFSPCBDEQ1XPHN4DOWE13UUX087 SWTP6K9B8H 3 9S8F0FKQ9VT8V9S1D', 'Q VL6TEOKRPOR2WS3I 7DAPU7YWUP9HJLV2J8EQD2JD2FBMI84IR34GQDLGN1XRU', 'L572XT7F P81TUNJ04DIMSFL5B885CHO9CRUE1Y7TWW1URN5DW9OGDW2TJSDTJWD', '0T4KM7MU9KMQ 9HE1QD6L22MI8SSCWEUA4SQT8L4TXVI8TE13NNTTWTJKR3JC8II');

insert into advertiser_data (advertiser_name, advertiser_phone_number, advertiser_email, advertiser_itn, advertiser_type, advertiser_registration_number, advertiser_address) values ('R11BE0VPDTJQ92LNURS1G0CCQJHES1NN4NKMNGB40H1EO5C033H2UYP3V 4N0W65', 'II PI8NJH HI47CLUC7X1FBKMLHI5L0CRDMII24IW2FVEVOIQI2RXGN6YT5TA8T5', 'V8L0L3ERNTORGWAUAS99YM4SLLXIV819D4L18UGIK18I8YT9XU7ARIW 48I0IMTX', 'HRR0ELPMWWEHKH7EX301294HFFIHHTRHJGEITRCWY5SXRJTTGM61JJ4YWLEA2IA8', '8N8KHYTJDILRI8M9TF8LCEL0EULVBG5MG0UM8S9V0FPG2HPUBI25C33RM38XLCG2', 'T5UUPMD059BUJY8K2WCIX1O1JB7 EKV8Y9E39R0GY9UWQBCSW1KHPHSOBDIWXWRQ', 'FRTA 2NP0O8YEMRH4TX R5HSDW4RLW8RO7WKCPES6TTS5J4SL48WLNWOCDWVSR11');

insert into advertiser_data (advertiser_name, advertiser_phone_number, advertiser_email, advertiser_itn, advertiser_type, advertiser_registration_number, advertiser_address) values ('WL5JRTS  9PSOS S0NL IE6 B 7R7DYHR3MYT690FFVCKJL4L ICM1DI K3BXK9N', '9YFGB7GC4WS01OC5S76VFCTPJNWNL30SY7DQ4Y3HFLDQKXCYMHWAO20QX1HHP2V8', 'VXV1SMHRRD30MMB68U3B7XWXKUCSHXQ4M9JT85LWD4TKISMVNDDDC9GK50LL7H1A', '6MAUV351UAHHCT54RFI9D11RH4GFWPO3AC7S0G WNU7NYCV44N45LKC0S1S76GYK', 'B6ESPQR2084KPP9AIIF7HTGB LNSKO47S3GK4JKCMBDCR7YDNNM61WFSKCHB2K77', 'WGEFLCM H4W74Q9T116722GBRE7K8AJY TS9S 4LSYX4JEJ5WSYPNWA7Q91YSXRY', '0R I3VCMB3VMTASHIY9FHHJMBA0BOWJXMN7JEE5VFUG7HK66NJNH39SCEYGNRMDW');

insert into advertiser_data (advertiser_name, advertiser_phone_number, advertiser_email, advertiser_itn, advertiser_type, advertiser_registration_number, advertiser_address) values ('3KYVVWMGAG5O0JO68JJJ 951GVEURMLGPCCEF9B7AB4RP5D0MSQABC2UH6LTH7TM', '388HGV3O4P5Q2LDHADKUWO4Q382U41X3RCL4AD YQ8OBHKYWB298E8WH21L483WE', 'I9WUSYOJW77DR2EHBTFI0Q48P8XED HIJFUB833 G0R02T8VOLBVDFXNCP 3QSQN', 'YG KLWV4EN 4SFFEWBD0 8NGAYS9008KYBX77XOLYP4DTEOE8UXPIQO5LKR6RQBH', 'HIENKPF11RMC9VT3SASCGN4QXIL6OP5PXSSP1NSSQM4K2LE5ARO90QUI76XSR9K4', 'J7L86DEY1KO44CL54O5NKRCT5Q87SNOK4A2MIRBT88PSNTCEJG EA89UGWHJS134', 'POWW 6PCL2W97UWUPB34CW3R8P5CUFOMOEEXO0U2 406DA4BW03BDVAGT8YSRD1V');

insert into advertiser_data (advertiser_name, advertiser_phone_number, advertiser_email, advertiser_itn, advertiser_type, advertiser_registration_number, advertiser_address) values ('2QHOE0I719A OO6V5ONROB15JKTLBT9RYRQ5NCY8FCC6LAU9D67UBX2NN4S8OUA7', 'BJRGE3Q0NSDHXX3P0B7QOVP67CUW5OCHSCG0LQU2VIG12HBNGVC43Q1VPDGVWKMG', 'WXP7 IO0T30UYAPM0D14R3IFL4KOQI7E6KU3VHLPH2ERN 3O0H98DQI3EU72YYNW', '56PFJ5T70 ENKEC739X7J 6Q7YEBATJ5UWAGR5TCP7TJ7A6R1PR6VS4A31BM844O', 'EXYQTTDUSQQN3QOGVQRAI5F4O887XI1H6NP61D6L2K7E7M4OQLIQTN8L0B5WQJQC', 'G5BP3FL4UIJDHPP18UG11PVW7RLKFFGEBHSTCJHFSMWVDKIRV7067O87IHDLMHLS', '8N526QSCH1LQ43 T5VQ MPJK1JDJ03Q4CAPDEMTX6TDGPUI7JLSOIN5VAB3SKMI7');

insert into advertiser_data (advertiser_name, advertiser_phone_number, advertiser_email, advertiser_itn, advertiser_type, advertiser_registration_number, advertiser_address) values ('G2LNSN4MAEQ13ND6PV4G4DOBFBPJD06AAC0DHJHVK74WVN5QOP7 2MVGSJ01T44T', 'G9QVTC6112VJMI23JYTL1N8P 94N3N8BLU1PLYF0EYSW2J7BXRVX4RUJH94I 7HS', '8MG1PYLXF6QF24CS0EKF0104C1F SHWP3CDQT2YPJ94CT926LAN2KN9VH7VFRHR3', ' 050PWXKPS7YTMSWR1 NBREMB9V98C830XM6V4WW67TMJQBI7XAXM46  Q76G2DY', '5GUTMD6VNI74CUQ719A00TIM2PNB5H374UKJL1S1INY2LDFP6V5YJPYC3RR1MANN', 'T2Q VT9I9E62LNTGJ4O3UOW9D4PHIBL3SCFP0B7XC78W3GQ6JRVNGIGOSTC 6SQO', 'X51HORGDHMVBXKHEANUCDSKSI2077SKYIHVG5GLMABAUHYB1X3IOPYHFN3IS3U0R');

insert into advertiser_data (advertiser_name, advertiser_phone_number, advertiser_email, advertiser_itn, advertiser_type, advertiser_registration_number, advertiser_address) values ('YOLD8DDSNF41ARH9LD20YO838WINHC62LQ6DGGCFKCYR5G5GSCJTQF4T3H7XCQCP', 'QM85WFLD1A3XY1LHO1CM354OP68H47E7UUND0I4VKX8NNUHCAUT7UDEMTUDGUA93', 'U6G98EHQ80B6 UNG3MYV48HUGEYLJPT21V 2FM1XBRRE3DPICWCBCAEHW947FDRU', 'JTX6WHM29A33IX078S58HACVX6IBWHO2V79B4I TVJ7NVO0L6TPYMTML4PVGK2Y7', 'N4ULEIKVO XE4TPM2TW3MK8T9CH3UU9QF4J1S8J8F4SDLO3EO DRSOSKEQD 0E A', 'CGHYS1FUNQ1I1UU5WKYPWUMR9V9F 257J1DKMJWSTG5DDEXN51AP1R6HDCU0D6 O', 'A8CGLP8SUIDYPT3AM6W4Q6LLS3807X2U2HY85HX4SVWEJR67BC W7NL6D4S1PSXR');

insert into advertiser_data (advertiser_name, advertiser_phone_number, advertiser_email, advertiser_itn, advertiser_type, advertiser_registration_number, advertiser_address) values ('UCUW6AD04F96JLNHLW6N2AV4S7253DMO6GI I32FQYOXQM6WUJ41WL3PMJF C8VE', 'P8NS9RQYBT6Q065J7WIDKQMNIF1H4E0NN2QVJHHH7DN9P4DVSCE5WLYRR7Y8K9PB', 'QCU J3WR2P723LSHCLHXMHTO03NCOPN4WQSGUIAL1AOK4LK7BLU48WJJNQKSFQSW', 'SR3HGYH05572BX9K5IM5U2F03XDYCCNUI2ERYKADYTW348QJQ0TCBDJ71D8UQ4HN', 'UGFUFP6H4ET3WF0E9S5XVBG67JO3E0AXGA070C02KF776GLLP049P87YKE17A2H6', 'RELR8C0Y29TWWHAX4R 4HY3FRGJU1PC911FJ7 LJR TVCCQP TM44KE015XF27XF', 'PITKPB00L7B5946BE T X0Q873TEOP5MF  RHK8VD2EHMCG1QE4CH3DY6DJD7KU ');

insert into advertiser_data (advertiser_name, advertiser_phone_number, advertiser_email, advertiser_itn, advertiser_type, advertiser_registration_number, advertiser_address) values ('A07YNYJVPHM34UYAW40VSSYX2H0KSDJ68UN3F6J8PXEC75AMED2C3HW1L9DA982V', 'D9YKRW22T YHKFCR6L9DJU K2IPD7K5J0H0UK1TGRRHGDIH5GBLMKMRQ66VYK5YB', '3YLPU7F0JIWF7TXV93G504U7TK6O0E1KUCJ57IU8YQA63PPI71B4CHKD2EB6TP7Y', 'IX9WXCGV4LKNFQ9AY6FMC8CW9U0ETVLE7H2CTNR1M RG4P O3CL8SAEJ5DT56 YT', 'WVQMCPP3QY 8F5COPMKX4WS8W967QWUI68GTU KJHNMLD2TP3TMCP 9IAEFP2X5L', 'YENT4EG7WO2W2W8 YOLA35NF41G9V4CWUFNMDBJ3CT0OOM4W3ISN6PHD38XBFX7V', 'VWCB KOCPJ5DDP WFP07K322VDEOR0UP23NI2DUC6D4HHYEG18 BICWIESWRGDVM');

insert into movies_actors (movie_name, actor_name) values ('ERPL9PWVUEK67TALT2T2KDKLSN6DQJNNWXLLFNAPD6128EKPUIC6U94164T1BH8B', '5LTHFM8AXNS4A7DNB 2ALFEO94RGA8FTP1689U1MJRQJQ1D7G3SOTQN5DPG S1DO');

insert into movies_actors (movie_name, actor_name) values ('16NCYMRWUUVONRVSH252RACASYR 83U27TB8OF7SWGASO4RFYWPJCAXDNMCTA2Q3', 'NI22AS4IUW8K8WBSCM6751UUXYT65M5YXT5YY877DAYSQPR9VSHCT3TV5P2X293R');

insert into movies_actors (movie_name, actor_name) values ('UH0UWT8K2LRU93THBTJIAA19ONHROB4NR2Y27CE0H95  VUT7FQ39880EGAI5DFI', 'RBPWG5KM5MUKDLH0TO3CHYD WHBRO6MSHE458 GMUJDO9P0F8IMW36K01DBLB IQ');

insert into movies_actors (movie_name, actor_name) values ('S0 FF7A8E9OGEV2W1Q3T21N8RSC00EEDS17BEJ3AUJDFWADQ66N T2VK8L9AOU6H', '9UMOX0FL0Y1M5WBXWSUDLJHH16KM4ECAON9PXIU4E217TBXE68942MXQAUSJJ O1');

insert into movies_actors (movie_name, actor_name) values ('41K34AVTG7AWKD3UFY8B5RI HR X7O342FTXWQHMP3IYYURAKS1 9RD45X323247', 'FDLH3JKSVIU2MHWCJ0D5WPGXX RVXI1 1MG4F47 SBQMG6TV7088IB4R1HED5RT ');

insert into movies_actors (movie_name, actor_name) values ('A5INHKR MUHOAUYBXQ MPW0F23XDD3D7H1CX3N UNH9VSL33I7UXO49L4MQD79YE', 'N57UU 4OTU N5VRUWS53BW 2I1UD0G84PNN5JD VAQX9HHEB725SKSTT0RSRJ7CD');

insert into movies_actors (movie_name, actor_name) values ('MOEDANDA00P BCEXHL7JI5YP MWHVDXYDHDPTFTFGILK8ABWWP1BDO66FSY5XRNT', ' 5L45VLTKLX4TKPHXCMAIB5RYGHVJGSL2P8AQS9OUF9 VB CNR2H0A8KQXEM9WYO');

insert into movies_actors (movie_name, actor_name) values ('3U62P9L44HMHXDH6IW4FF5IFL1L6OMW9K443W TMJWQK2HW XB1GQ4FO2K19 PF8', 'B9SA1DKKX2TA423Y0IVTR4J7G1SB0DP 3Y0CUAEX8JIT1HNPJU 1J05RH5ALUTLF');

insert into movies_actors (movie_name, actor_name) values ('CFJDK92 HJDQOIUN0GP27MKX4P42IV24XPNFU7ICBYYMW7K0I97JV6CK207WD06A', '7NHVLG49XVMDWQAUH12W VFQVQST65KC8 20HYTUH0SRR47LABH871VUMLKDJGRH');

insert into movies_actors (movie_name, actor_name) values ('EWXL9RTKXAJ7JNAG UANCKBPOSNWLUGHKF02FERWN5ACYSR8EKXN27SKPP1F3WON', '4N1H JQ0V5XUKWVTBTWE58CWRRPG4FNLCCUQ4IHB 5XY42VEO0KR7N7UT901FVJN');

insert into movies_actors (movie_name, actor_name) values ('PQDJWO01XRN3VS79M7QTJ EMNBRDHK2CD6BRD52E8Q594ERIEQ3S8J9EEBN0KX7H', '6FW3F96YDXREJV4JT9WXFO5ANL9EEAC1ELKGQ9K26RYFEDBO7PVU9S2IUSOCDB S');

insert into movies_actors (movie_name, actor_name) values ('KOPSW 4M6HK3QHE35VJ452QW79RM127BPDOK3E2WIVFQODT1YKLNDXW36D8HTJEH', 'DVSXN9HI709AHU0FQDKNHLYSDTLEP2Y19VULA9K7MXDXXUFJWBCL1W6008MKGWIT');

insert into movies_actors (movie_name, actor_name) values ('WC8J6AGWTDK26X88TMCMJG36HCE4 19HJX5329PLMYRR6GGYUCLNV3CBKLLP8E93', 'P OHA9918V7XFGL CKSB9D0449QQH95C9O06LT780QLW4X6LU TU5T3O 9UOK8H1');

insert into movies_actors (movie_name, actor_name) values ('2YA1XHX5DK9UPLNU ANQMBL9M16VXFH0UHYC33W2FK1O1OXM3GDQUI5OA6SE2TH2', 'OXQ95AU2I90ERR8Q5HS1OAI3UTVN5RTFE5BSSKXLY4GHCVK Q6S5JYC83S7VRKOG');

insert into movies_actors (movie_name, actor_name) values (' 2JMPWRWFI0Y2EG7KTOD8ODJSWVDFD5KFWWKHOHYBJI7 7Y1GDSKG7VJPSNUT076', '42VUB15B2VHLH0G71AI61F36PGRNTS9BMLL2LTRT7HYCW08A0COQON57W UDKVOB');

insert into movies_actors (movie_name, actor_name) values ('555NHTI07EXAE803S0 H83F81REN6CYUHHCVLUXIOXT4BOQ2620TOUVB0MLRHIYE', 'DIVG36UFT230T12F1WI7FF4UWNU5S3QRARM6UK9P4DAV1NMIYK7NBADT CMXJH59');

insert into movies_actors (movie_name, actor_name) values ('54E013YJ6HULYHUJDKX65D6JTUJD PWON0CUXJXIN56Q0OTBBM8XC9XB7NX M DG', '9KBTNWAOXNQYSBJUKRD7HPQWU1WMI3DSLN9EYY08EBUV8GGELCQ81JKOI4W0QL G');

insert into movies_actors (movie_name, actor_name) values ('XVU7AUPSSUFEIW2WQFY3VTA4QD25NETAOYGUGH7NQ1PWFGCS1KX000S59F1TJJ13', 'EQIPMIH10OV3MLQPIH0725PD1A84FQGWVMOMW25XKWJE7NKUMG5KVDON4PI 0P7F');

insert into movies_actors (movie_name, actor_name) values ('NOBED14DIGEUKQ35 C TC6HNY62V1MBKB0B3SXYLWUCWCTXV93NWYUEQAH2QFY2R', 'JQ1S1STVXV5GBWFJI7H9HNNWL9ACBW0 FAF8FJCWNGNW7B0E1CO 546910T1GMIL');

insert into movies_actors (movie_name, actor_name) values ('NQY9S G 8EQFGC5Y1K1BD44OBSHPQVE4KI2BTJPKW8I1X0KJSFVX ICK1IONY99W', '6BWO3F40BVXHTHKQBQ82GJ YEWYNL6NXC9JKLSTOGS2X3XE2DPJSPG5TMNP FQV9');

insert into movies_studios (movie_name, studio_name) values ('ERPL9PWVUEK67TALT2T2KDKLSN6DQJNNWXLLFNAPD6128EKPUIC6U94164T1BH8B', 'WF3MT1IKIDMYUD1R H8B3D75U61XUG1 BU2C5BNJ4ADQWKVGUP01XOVYH5FP6H5U');

insert into movies_studios (movie_name, studio_name) values ('16NCYMRWUUVONRVSH252RACASYR 83U27TB8OF7SWGASO4RFYWPJCAXDNMCTA2Q3', 'I6FWAH1FQEIAW08 J4Y1YTN71 3D9NI07VQR7J 77H5ROUX09U853XKES1SGJ2PD');

insert into movies_studios (movie_name, studio_name) values ('UH0UWT8K2LRU93THBTJIAA19ONHROB4NR2Y27CE0H95  VUT7FQ39880EGAI5DFI', '79NETSI1 E2KSLYC8F6HJHPIJR5QPWCOSLBXAUK7IG0XYSGSESMWIQJ5 Y2LYBJ6');

insert into movies_studios (movie_name, studio_name) values ('S0 FF7A8E9OGEV2W1Q3T21N8RSC00EEDS17BEJ3AUJDFWADQ66N T2VK8L9AOU6H', 'S 254A0CFHLLMIQ6HPWPA8HS59P5ANGLNJDT20AVTQ4WQWRLDK5 IU7FJXN4R0RS');

insert into movies_studios (movie_name, studio_name) values ('41K34AVTG7AWKD3UFY8B5RI HR X7O342FTXWQHMP3IYYURAKS1 9RD45X323247', 'QE6ESBRUMNNPC1S GYX9X 9GN2PHRIHIGYT8WEJDXYWRKI3LVIOWQWPVMUOX3LS8');

insert into movies_studios (movie_name, studio_name) values ('A5INHKR MUHOAUYBXQ MPW0F23XDD3D7H1CX3N UNH9VSL33I7UXO49L4MQD79YE', 'J5B 1641G8WLKJ7KJD21IQRCN136PM6T5GP7PK P4FRB27KCLN46RBNNY9701N8S');

insert into movies_studios (movie_name, studio_name) values ('MOEDANDA00P BCEXHL7JI5YP MWHVDXYDHDPTFTFGILK8ABWWP1BDO66FSY5XRNT', '5U9UD1IC5BV028YGIN96GVOQ8VC5UGM0YO4CKKR 2ED0QEUGQ2GCGM2NW3 CWK03');

insert into movies_studios (movie_name, studio_name) values ('3U62P9L44HMHXDH6IW4FF5IFL1L6OMW9K443W TMJWQK2HW XB1GQ4FO2K19 PF8', ' 20TDP3FS4F6NJ0M8WVKGE2IS9RLERF 86MN0T9QU 7O2R4 V2D6XYDNGUAVK1 E');

insert into movies_studios (movie_name, studio_name) values ('CFJDK92 HJDQOIUN0GP27MKX4P42IV24XPNFU7ICBYYMW7K0I97JV6CK207WD06A', 'UE3TQ6XJRN7FL S HVQJDDJH 6AJ0VQFTEB CD2194YNXHYPA5M 7PC8 01 XC7 ');

insert into movies_studios (movie_name, studio_name) values ('EWXL9RTKXAJ7JNAG UANCKBPOSNWLUGHKF02FERWN5ACYSR8EKXN27SKPP1F3WON', 'HDB25O 8L7RWB 8GXT1N9GMDCST5X9WM8QO5MY0P3M3A96MFATKVQMFQQPCSUFRY');

insert into movies_studios (movie_name, studio_name) values ('PQDJWO01XRN3VS79M7QTJ EMNBRDHK2CD6BRD52E8Q594ERIEQ3S8J9EEBN0KX7H', '1VULVJ51P3CT1NYGN585UEMWCDJJR7 DHS2 VO9PLOSIOU9OC97AGSHP0WUJ9AFL');

insert into movies_studios (movie_name, studio_name) values ('KOPSW 4M6HK3QHE35VJ452QW79RM127BPDOK3E2WIVFQODT1YKLNDXW36D8HTJEH', 'XWQVH4M R5 IJ1L676TQMB8374E3RJ5S VHXIKPVPOQN0EDT3YJ70V  4CK9RITJ');

insert into movies_studios (movie_name, studio_name) values ('WC8J6AGWTDK26X88TMCMJG36HCE4 19HJX5329PLMYRR6GGYUCLNV3CBKLLP8E93', 'X47D4XKECILLUQ4HX7VW7JPITXA3XTEHM5LYHP41QJK40E35SE52S Q3 3I J5VM');

insert into movies_studios (movie_name, studio_name) values ('2YA1XHX5DK9UPLNU ANQMBL9M16VXFH0UHYC33W2FK1O1OXM3GDQUI5OA6SE2TH2', 'B79E7ERXS29YVTPM1LTNRG4G3C0FQTG4 0QPIQM58GCMF6456LQJ8P1YFDYNY22E');

insert into movies_studios (movie_name, studio_name) values (' 2JMPWRWFI0Y2EG7KTOD8ODJSWVDFD5KFWWKHOHYBJI7 7Y1GDSKG7VJPSNUT076', 'VQDTCTBPAUKF3F3K316N8R2UAB1RNTS1XVADISB1RHAQ DDDG5U9UNQ7GAQ8QNP8');

insert into movies_studios (movie_name, studio_name) values ('555NHTI07EXAE803S0 H83F81REN6CYUHHCVLUXIOXT4BOQ2620TOUVB0MLRHIYE', ' XUTMJ9QXOYHFJR  WE1GO BSKXGWTW63QX8 GGJ6AEGLVYLR0RORL6R2RE7CYQO');

insert into movies_studios (movie_name, studio_name) values ('54E013YJ6HULYHUJDKX65D6JTUJD PWON0CUXJXIN56Q0OTBBM8XC9XB7NX M DG', 'JFHD2J8CAUIUUS PFT93JUM4FA2X S02IF0EGHSW38O0O35KL8HO9GO5OH5IL0TY');

insert into movies_studios (movie_name, studio_name) values ('XVU7AUPSSUFEIW2WQFY3VTA4QD25NETAOYGUGH7NQ1PWFGCS1KX000S59F1TJJ13', '2ITMLW6QIEHY1INB1U5DC Y2259 LL3W7RXQRQPL JV61JJ9BECVI4E8QDJLKA8F');

insert into movies_studios (movie_name, studio_name) values ('NOBED14DIGEUKQ35 C TC6HNY62V1MBKB0B3SXYLWUCWCTXV93NWYUEQAH2QFY2R', 'SBSRXLG9MSG5LFDCJG0XFCT40SGO1M21 1AQH8NQQ8HGMILLIIRIET3R TA8SQG8');

insert into movies_studios (movie_name, studio_name) values ('NQY9S G 8EQFGC5Y1K1BD44OBSHPQVE4KI2BTJPKW8I1X0KJSFVX ICK1IONY99W', 'AM8N7HKXXMR5KTLJWL0L51F44FMJ754R7WEY9IHG674INE50EHA8JG8EFEGOLMK2');

insert into ad_videos (ad_video_id, advertiser_name, ad_length, ad_type, ad_show, ad_advertiser) values (5, 'YOLD8DDSNF41ARH9LD20YO838WINHC62LQ6DGGCFKCYR5G5GSCJTQF4T3H7XCQCP', '11:44:29', '4N28LBH5CF3AE62NGJ4QVB2WG UVD1K5783OR9NNT15DA265LKTV008SEJX66IRY', '99 W50U8VKXKEY39DP33W2BS7AL59JDUTQ974P7BE9VRDQ834GET5Y M1OT3H11P', 'ORK1376U6CCAE3R5J3PWJ54T8DP2217PN1QVX6EUCXPDP6RU8Q5YBTB G89370CW');

insert into ad_videos (ad_video_id, advertiser_name, ad_length, ad_type, ad_show, ad_advertiser) values (8, 'ILFAMQRKTPOVTWXVQ7T0DN6LNA8RIAEE06CE5EO9OS0AFAVSWU8WUWJBPMJ6IQ08', '1:0:5', '86GC Q8187L3N88FBKDIQ6XW6VKBN3PEMY0IO78YRNAGQ1LC5SHLGDEDRGM291FP', 'CPD0X4 CX50KPDTX2RPO44OJG4J 5Q0BOTPNDJCYKPWK073NR6NWOLX5J6H5U4IS', 'P5DEWGK7PDFSKM6LMDSXO4YJGGONTKJDCSDVEI1J61PDIMCIQNOYBISD5PLTQ4H9');

insert into ad_videos (ad_video_id, advertiser_name, ad_length, ad_type, ad_show, ad_advertiser) values (17, 'JHWHAY9NN01H034I13SX5LLVWXTATH4H7XBO2C8 PWTSKUH1XUPOFIK8H8 RUT8V', '13:17:24', '52A6ISM90CNJ3 I9URQINBN93XUN7LP6OH7P1SB9KVRX1C51O3PYWWVB1XPHK3DS', '93CMNB1675I68LTBB2GHM26TK55T3H1K60Y28XNQDAP2A2B45YJ6JWV1QGJSBE6A', 'UYVV7WHLG4691Y3XWLYI3FDAFS86WHV7MDNJVSGGV2HL0IEWYEJ1I0W17CW0NCUP');

insert into ad_videos (ad_video_id, advertiser_name, ad_length, ad_type, ad_show, ad_advertiser) values (6, 'KXX2XAKF3RDWXGNPBA6HAIJGQJUTJ2 K2I8EFPC LW5ERHT N0SAK8UD2DCY0LA6', '7:10:44', '5TIJK4AJGLW2JJH0TY6PU N41GSAFHL5Q07KGTI 6X8XH2F3SQ886IW9B4TH88G5', 'CLQNOB HSWLHMOAJLLD9W8QPOD7HVNKIJYT8UYLNG3PWUUMJSQLHDCX97PON6KR5', '3DMA2IN 0HACQGKJMHNVN15CXW6FKC6IXW5FHNPEI2FCGIC S67QRAFFLHYMUDNP');

insert into ad_videos (ad_video_id, advertiser_name, ad_length, ad_type, ad_show, ad_advertiser) values (11, 'BNI34JT77OVGCO1MIG 92EH2YDYV IYPODA7CWRFF9D6 0PH54QTBGOIXY71QRN8', '7:54:1', '55ONN5QMN3TIUYXJ3TMOQVV0B509AN8AUHL0WCB2G75Y5WSLNJB6QFT76MO084QR', 'WL5J1E9OJF3DKEYXD5HFGBF13CQS GGKSSMY3DORBT1KSH4LFX8A7VPSX7U X11H', '4TW6MMQCQRA JS4JGFACUYFYATNR47UUQMKMBXTSSCSJ 9MD6G8P6SCP4DNCFF6N');

insert into ad_videos (ad_video_id, advertiser_name, ad_length, ad_type, ad_show, ad_advertiser) values (13, '5W2PIEGPGW4P3TI64UJCF7V6822CGMIFIWJFXIHUGHBT1II27WW XD5TD30UW4L7', '14:43:38', 'O7XFPGCK GFQPHYELS3CQXPBLTMDPE31A35S8CKR6I IXU7L2ASKRQIP10TBVSUG', 'WBI9SVDVIK7Y 9I6T59IN71NX1Q9YR0GQ15SPNNDGTPNNWE6CMJ4R OIHOOSGCA1', 'LWWXIUOMA7W8AX6GJTXIAXHMCONI5T BKR3ALJJL MWMQB6IHE71G2A5J4SI28Y9');

insert into ad_videos (ad_video_id, advertiser_name, ad_length, ad_type, ad_show, ad_advertiser) values (14, '6AY4C6Q GEY0QKWK0FFSPXTK 8JL326J7IN9T82F2LVJ3W7UFPAJCS OXSS7AQD9', '14:0:41', 'UWB88R9JEMP81L1IJ925HYVUUGFH B4RTGSNXK8 HTBPG 8TPMC6YPTAWBYJ66KW', 'RV56TNW0SR99R DFP 350O26C5OARP6XD9EUT44NBY5IJQOMRQD24B495YQTIHHC', 'SA9P8J H1GVTRW6KUXGEK92LOAVULWRG9GI 8N8372B1DE8D07GYXHTKPRPY NMI');

insert into ad_videos (ad_video_id, advertiser_name, ad_length, ad_type, ad_show, ad_advertiser) values (4, '6AY4C6Q GEY0QKWK0FFSPXTK 8JL326J7IN9T82F2LVJ3W7UFPAJCS OXSS7AQD9', '9:30:26', 'OHMN GWD8D94Q3CCPCW35JTWNN4M9BTDTOV15GWC OUQD4PYGAA18SYIPYP0I5H ', 'DB5GGOYWL0LG2FC5Q 365KV1R8Y0DBWLB3GT55T6LCOU24EWPCUWJ8 CV5MT U5I', 'H5SGXGXMOJJW0285T7GSHDFBQAGQ3MPCOOEIAWNAAM9J YMK2CU9TR1X9UNF 5IB');

insert into ad_videos (ad_video_id, advertiser_name, ad_length, ad_type, ad_show, ad_advertiser) values (16, 'WL5JRTS  9PSOS S0NL IE6 B 7R7DYHR3MYT690FFVCKJL4L ICM1DI K3BXK9N', '5:4:3', 'QU8665HX98SF14P 7AXXAU5IXENVIOVTCAUKAOQP9UPUS46BTP2XAQ75ORC8QL62', '3HAUQA7T7JPL8KTVX4P2P69HAW6FEW37K7T704YMXQ3SGRK4CJEX2TTP 2RAFA07', 'YSYU9JQQI5O4O8RI3WMLUNLWDVT17D5O5F28C17F0PO189FGQGQXYVL06CXCTXX8');

insert into ad_videos (ad_video_id, advertiser_name, ad_length, ad_type, ad_show, ad_advertiser) values (19, 'K4GID26KJBSUF18R8S8F4MQRFS TA06A1 SE3X2HFNTRDDN61G3DWCI5C90WBWQQ', '10:24:58', 'VM8R2KHS9GWWYXJB49CGNG3NNPLJXIY1BT 7GTO26XMKKAX0KM33ROOJ1TFVK8D6', '48676DV3PARFFCHA03V01Y1RND8DK0IINVXXRFI7BNWR0YVEM1K0SJSMTDGWFU5C', 'IV9XPUVRIM8YS 8GTYU2HCYNSSBFV6AH1DD0WIQYLXAVHEE86DIL ATBKMUCGEI4');

insert into ad_videos (ad_video_id, advertiser_name, ad_length, ad_type, ad_show, ad_advertiser) values (1, 'K4GID26KJBSUF18R8S8F4MQRFS TA06A1 SE3X2HFNTRDDN61G3DWCI5C90WBWQQ', '12:42:25', 'Q837KUSOT46NSNVYMQ6JSQUK1B6MUIR7NFSQ4O6M0MS LQA1CV4O0OJ861P5L45Y', 'CD0X0QAOGFAJOY74CQX244 A95CPU5HIGPJEXD A18J SQ1WAI4UFOXWRK4V2HLN', '3RV1BMBFO6M0 0SHU8N66F2K106TPUILB6VUS449W45PQYBABK0J7CA9P2MWJGNT');

insert into ad_videos (ad_video_id, advertiser_name, ad_length, ad_type, ad_show, ad_advertiser) values (12, '2QHOE0I719A OO6V5ONROB15JKTLBT9RYRQ5NCY8FCC6LAU9D67UBX2NN4S8OUA7', '1:37:31', '6 L0L1K3IN29HY2CRFS7S9H4SNQDW7IKHSTUSJ6EI79RV21SEO02XUSGXKCMJI0S', 'OMQGVAUU7JHW5DCTDNH3LEAOKA6HQP9T53YFRY8F6SNHNJ58TP M FUY XPWUT9M', 'MK9MYEXX979BHEPTW7U1AMFYPV3Q8PN10MXGG745PA44QDO52C1MX94NHCUMMNB5');

insert into ad_videos (ad_video_id, advertiser_name, ad_length, ad_type, ad_show, ad_advertiser) values (3, 'ILFAMQRKTPOVTWXVQ7T0DN6LNA8RIAEE06CE5EO9OS0AFAVSWU8WUWJBPMJ6IQ08', '2:22:4', '0LBNLJBIO50N6AOA9KLO GMDHWSS1YC4OSBOXBQFFGFLRVF 0QQQ 994NCRVLQ9F', '57DB4LRI5R11NWEKYM132WX0 J1NQD01OOLR9OK9RUV 0P2D8MM9S286IODGIJ6E', 'X8 H Q6KNK60SBT6JMG9336K5CEP2A FWDLNYG3IDF4BBVN7GWMCV2BLUEYI055T');

insert into ad_videos (ad_video_id, advertiser_name, ad_length, ad_type, ad_show, ad_advertiser) values (18, 'G2LNSN4MAEQ13ND6PV4G4DOBFBPJD06AAC0DHJHVK74WVN5QOP7 2MVGSJ01T44T', '15:22:46', 'JDTTB7281X0FVE8KH2I606O0PPHX7ST3 5QXQKYA55WKUUUDYMVENI1M89H3SSI ', '63WXPTXS0LJ8549LVMN5ALV3IXCIC95SNFEWLYVEQ95FK61GBU22T49D7TXDVGSV', 'RUMEL9EFHYPCFB40TR24W6VC0R37PGB4CFVE5DLT5VTLXI8DTR8RQY35GRRC3MC8');

insert into ad_videos (ad_video_id, advertiser_name, ad_length, ad_type, ad_show, ad_advertiser) values (9, 'ILFAMQRKTPOVTWXVQ7T0DN6LNA8RIAEE06CE5EO9OS0AFAVSWU8WUWJBPMJ6IQ08', '6:1:15', '97AQRA277W114QY0KWNO2NKRO8P72U 3V85I9D6WFGNDVQW87HM1W31 V0VGJDAX', 'UTMLVBBPV2SUVA4PIVT47K18EG0UYRYW07YN4A129J1YGO6NDG7S9TIHQE7IJPXB', 'P1R 1PX7FVITB2TEQJ8VX62A3EQ0Q804P5MJLP7RSW2V6USYNG1AVY YBR5USKFV');

insert into ad_videos (ad_video_id, advertiser_name, ad_length, ad_type, ad_show, ad_advertiser) values (7, 'KXX2XAKF3RDWXGNPBA6HAIJGQJUTJ2 K2I8EFPC LW5ERHT N0SAK8UD2DCY0LA6', '0:0:0', 'YQRHMA2OCWFP6KRSOX3P6S1F5 MDPP1OUOVJDC1A5D0Y4X ON QGJ0Y2X24EX8F6', '73TY0R9IEIWUJXOLJ7LYFPQTFCYFXUGSWI602DYJXIVAL9EVN8MJM8OO4UWAS9Y3', 'PFR6SGGE4EUV  1XXN9EI1J3639VA7DXSCU6RIGQJ2EVIAJP6OKC1SEGV7T8MQEB');

insert into ad_videos (ad_video_id, advertiser_name, ad_length, ad_type, ad_show, ad_advertiser) values (15, 'IPGA4XYFLEU5TSXI7SU9ACB 5WW T753WBFGIIQIVIJL43TQ0I6L7TXQ8X2E2HNG', '4:15:32', 'H0HDFPGFGTSN2RKC1QYX MU3RC9N1FR9HN3WN73AJH9HL256POK1NFB0DIW3GVJL', '1J3R2Y2LTBIW IGC5PFDWETUBKB EOF2TYK0CNRWUCD8P90F GO0AGOEABLT7159', 'JC2HHDCI1M88K28N84MLKN0D0SCMMM0CB6WN MD1S9VGY59YMSIVRN70KDSFYSKL');

insert into ad_videos (ad_video_id, advertiser_name, ad_length, ad_type, ad_show, ad_advertiser) values (2, 'UCUW6AD04F96JLNHLW6N2AV4S7253DMO6GI I32FQYOXQM6WUJ41WL3PMJF C8VE', '6:40:23', '79NH7LGU2885QABL4CB6GQYJACB22N84M1M PCG6K7 7C5GFCU4U5 M PCXJ05CB', 'M2XK5FHCG4DQHBK7PJH6T73JG97X1MDXPRV6F6T4TQ3GTW4N1V3W63JWW0LLXQRP', 'YLEP2BOUP9O1QSJ8HOWK PH97865FS0H8CUGAMXJ6JTY66UVXY5DLSQM6WQVQ86A');

insert into ad_videos (ad_video_id, advertiser_name, ad_length, ad_type, ad_show, ad_advertiser) values (0, '5W2PIEGPGW4P3TI64UJCF7V6822CGMIFIWJFXIHUGHBT1II27WW XD5TD30UW4L7', '8:43:19', 'DV4NVR5EKQHW3AOVYONKJ9TR GWCWAJB E7B8K5 AERVOMJPDDUJPRIAFFFALRMJ', 'RDRXWAE2YHPJ6QOEWG44UT 1VA6UQ0V2LBBDTKWWJI8BTTTWU54V6OYV2DQ6J34P', 'LGV6BVVKD99J9I0C927M9V0 TN9X5YSWOPH09G77O0E9I4 WPT8IMGXP62VQX1A1');

insert into ad_videos (ad_video_id, advertiser_name, ad_length, ad_type, ad_show, ad_advertiser) values (10, '5W2PIEGPGW4P3TI64UJCF7V6822CGMIFIWJFXIHUGHBT1II27WW XD5TD30UW4L7', '2:55:51', '4UMYSO5RKSFLQ3KQVO0EDAJK8 FH2MBMQMY5UI7GX 82Q7P8 EGASH1RWS6LI1XP', 'XF7CELS9DWNIISEE7KYH9H0KJ2T831K2YIDJK8TBJ1XI04MGNRJM7DO321EB6F64', 'JV3O6W1B9H4LTL5D5G17KDHA15OSIE7AOYP6I5W9UXCFHC EAXV50TREUIMOL6GG');

insert into show (show_id, movie_name, cinema_room_number, show_movie_name, show_start_time, show_cinema_room_number) values (4, 'MOEDANDA00P BCEXHL7JI5YP MWHVDXYDHDPTFTFGILK8ABWWP1BDO66FSY5XRNT', 14, 'XHBYT7W94TB99C7T1C7GTI125REDBS8WX48PYP10VBL8YJ4DDLJOY3X0DO CMO84', '1714-3-10', 12);

insert into show (show_id, movie_name, cinema_room_number, show_movie_name, show_start_time, show_cinema_room_number) values (8, 'S0 FF7A8E9OGEV2W1Q3T21N8RSC00EEDS17BEJ3AUJDFWADQ66N T2VK8L9AOU6H', 14, 'X93KL0611NSD ME6EVQP0HJXFCF9QFLD8VUQVNK0BITKK83ND2ML5XQWVICLPY5 ', '846-11-3', 15);

insert into show (show_id, movie_name, cinema_room_number, show_movie_name, show_start_time, show_cinema_room_number) values (1, '3U62P9L44HMHXDH6IW4FF5IFL1L6OMW9K443W TMJWQK2HW XB1GQ4FO2K19 PF8', 4, 'ACFOYQDXXKQMSMGNU0E8HXKXC4FG1BWXPB K6HNTK9N0QLUQ WFA LQVF6ERISDC', '639-6-26', 16);

insert into show (show_id, movie_name, cinema_room_number, show_movie_name, show_start_time, show_cinema_room_number) values (9, 'A5INHKR MUHOAUYBXQ MPW0F23XDD3D7H1CX3N UNH9VSL33I7UXO49L4MQD79YE', 12, 'WM5BN47LA1LX1 IN20V RCR3WHQU8B2P23J 4B8VRN28JQEJGL7RJCQKB5P K1Q4', '1384-8-12', 19);

insert into show (show_id, movie_name, cinema_room_number, show_movie_name, show_start_time, show_cinema_room_number) values (5, '54E013YJ6HULYHUJDKX65D6JTUJD PWON0CUXJXIN56Q0OTBBM8XC9XB7NX M DG', 19, '7SIM078COW3JAOHTWMSK 0PVVM464NVJNVX XR0WI3PBD9E LFW399LNVJ2UIQ18', '1989-3-18', 13);

insert into show (show_id, movie_name, cinema_room_number, show_movie_name, show_start_time, show_cinema_room_number) values (2, '41K34AVTG7AWKD3UFY8B5RI HR X7O342FTXWQHMP3IYYURAKS1 9RD45X323247', 7, 'SP2LADNH8QW5TUDIS5KHBSTKLCVN3MG0AC40RDE296G54GTB5MGKNOJ65FWLLAU1', '519-10-14', 1);

insert into show (show_id, movie_name, cinema_room_number, show_movie_name, show_start_time, show_cinema_room_number) values (3, '41K34AVTG7AWKD3UFY8B5RI HR X7O342FTXWQHMP3IYYURAKS1 9RD45X323247', 2, 'H8X4YTR38U4PDVCSWA0POMMPTA95BYVTWIY5I6EU5 94G6AEGJDT2TUDWR6LM512', '1445-2-10', 3);

insert into show (show_id, movie_name, cinema_room_number, show_movie_name, show_start_time, show_cinema_room_number) values (12, 'EWXL9RTKXAJ7JNAG UANCKBPOSNWLUGHKF02FERWN5ACYSR8EKXN27SKPP1F3WON', 8, 'T05CM63D YT3EWK5968UHOUHIVFVCCHL7Q2TTH8FMIE8CY9NJKC9KBADP4N25IN9', '942-1-17', 0);

insert into show (show_id, movie_name, cinema_room_number, show_movie_name, show_start_time, show_cinema_room_number) values (7, 'PQDJWO01XRN3VS79M7QTJ EMNBRDHK2CD6BRD52E8Q594ERIEQ3S8J9EEBN0KX7H', 13, '0B1F1SIDIWT1VUUTGBEY5W6XONJXX6KIFYW5RBHTWITMEV8YX 03Y4BXU DLWQSA', '1-1-1', 10);

insert into show (show_id, movie_name, cinema_room_number, show_movie_name, show_start_time, show_cinema_room_number) values (14, '54E013YJ6HULYHUJDKX65D6JTUJD PWON0CUXJXIN56Q0OTBBM8XC9XB7NX M DG', 14, 'DTHGSMKH0KDWPPQ6U U7 42KAFF 572OI31E6S9VBEF2F777VQF0Q51PQTIQ9K5K', '1235-6-25', 9);

insert into show (show_id, movie_name, cinema_room_number, show_movie_name, show_start_time, show_cinema_room_number) values (15, 'ERPL9PWVUEK67TALT2T2KDKLSN6DQJNNWXLLFNAPD6128EKPUIC6U94164T1BH8B', 9, 'K6E 6VXTGBBH4GLAU0XO9H6V Y1UCYH2PXAVEK9E5SI9GL7PEPPIT0KD5JMXSCXD', '1891-10-9', 8);

insert into show (show_id, movie_name, cinema_room_number, show_movie_name, show_start_time, show_cinema_room_number) values (11, 'PQDJWO01XRN3VS79M7QTJ EMNBRDHK2CD6BRD52E8Q594ERIEQ3S8J9EEBN0KX7H', 19, '88LPDNNX SQ67LLBW4HKWPXHBE0JDK6 9DONKJOWT1EKXVA010L6TDHL8RH9J9E4', '466-12-6', 7);

insert into show (show_id, movie_name, cinema_room_number, show_movie_name, show_start_time, show_cinema_room_number) values (13, 'UH0UWT8K2LRU93THBTJIAA19ONHROB4NR2Y27CE0H95  VUT7FQ39880EGAI5DFI', 9, '5GEOUW1S4467H4O5DVVX6 308MXRPD99OEHHT8M3WUK VXFN9EKWF7YRCDE OV8S', '1576-7-8', 6);

insert into show (show_id, movie_name, cinema_room_number, show_movie_name, show_start_time, show_cinema_room_number) values (18, 'S0 FF7A8E9OGEV2W1Q3T21N8RSC00EEDS17BEJ3AUJDFWADQ66N T2VK8L9AOU6H', 17, ' PA5XVR701E4QI9E18UP4YJ3T66EMOXWYJQXM6Y1QCOLVX4U9C85FWL 65B28GOI', '267-12-20', 2);

insert into show (show_id, movie_name, cinema_room_number, show_movie_name, show_start_time, show_cinema_room_number) values (10, ' 2JMPWRWFI0Y2EG7KTOD8ODJSWVDFD5KFWWKHOHYBJI7 7Y1GDSKG7VJPSNUT076', 14, 'AMC95XVPXID0CW26RBQF2I35 23CU9D1GQ64B8Q2WEH6XQQI6KVP9F06UEBY7D84', '121-8-22', 17);

insert into show (show_id, movie_name, cinema_room_number, show_movie_name, show_start_time, show_cinema_room_number) values (0, 'PQDJWO01XRN3VS79M7QTJ EMNBRDHK2CD6BRD52E8Q594ERIEQ3S8J9EEBN0KX7H', 17, 'YW5CTX898CN9Y2 KAFWFQIA2HEXYIHUQLDCIJO8FVAVYX98GXOICQ02VORW2P8HX', '1781-1-2', 11);

insert into show (show_id, movie_name, cinema_room_number, show_movie_name, show_start_time, show_cinema_room_number) values (17, 'NOBED14DIGEUKQ35 C TC6HNY62V1MBKB0B3SXYLWUCWCTXV93NWYUEQAH2QFY2R', 13, 'MCGN5SONFPYPD1BYJH51CMLQD9S3  AOI1KQI90JY8YXYRV6LII6V647NABF674K', '1136-2-18', 14);

insert into show (show_id, movie_name, cinema_room_number, show_movie_name, show_start_time, show_cinema_room_number) values (16, 'UH0UWT8K2LRU93THBTJIAA19ONHROB4NR2Y27CE0H95  VUT7FQ39880EGAI5DFI', 10, ' SA19PJLO YEI696IDQ2S94E16BSSKYOAMYWVU94VNGNSXN06V20RD5UAGB5RY1M', '330-5-10', 4);

insert into show (show_id, movie_name, cinema_room_number, show_movie_name, show_start_time, show_cinema_room_number) values (19, 'EWXL9RTKXAJ7JNAG UANCKBPOSNWLUGHKF02FERWN5ACYSR8EKXN27SKPP1F3WON', 6, 'K03JIL0GVDYXD732BR1NOETBXNXAJHS 8CQU3NICK3JKYY2 7RADLHJPLQHM2PP6', '777-10-8', 18);

insert into show (show_id, movie_name, cinema_room_number, show_movie_name, show_start_time, show_cinema_room_number) values (6, 'UH0UWT8K2LRU93THBTJIAA19ONHROB4NR2Y27CE0H95  VUT7FQ39880EGAI5DFI', 14, 'AJR0Y6EMVFU4C4L0K7N5DONGY2XTOL6Y5VM9VKT2O8KEFA8YS45YV6HD8IUGXG23', '1006-4-26', 5);

insert into show_ads (ad_video_id, show_id) values (5, 4);

insert into show_ads (ad_video_id, show_id) values (8, 8);

insert into show_ads (ad_video_id, show_id) values (17, 1);

insert into show_ads (ad_video_id, show_id) values (6, 9);

insert into show_ads (ad_video_id, show_id) values (11, 5);

insert into show_ads (ad_video_id, show_id) values (13, 2);

insert into show_ads (ad_video_id, show_id) values (14, 3);

insert into show_ads (ad_video_id, show_id) values (4, 12);

insert into show_ads (ad_video_id, show_id) values (16, 7);

insert into show_ads (ad_video_id, show_id) values (19, 14);

insert into show_ads (ad_video_id, show_id) values (1, 15);

insert into show_ads (ad_video_id, show_id) values (12, 11);

insert into show_ads (ad_video_id, show_id) values (3, 13);

insert into show_ads (ad_video_id, show_id) values (18, 18);

insert into show_ads (ad_video_id, show_id) values (9, 10);

insert into show_ads (ad_video_id, show_id) values (7, 0);

insert into show_ads (ad_video_id, show_id) values (15, 17);

insert into show_ads (ad_video_id, show_id) values (2, 16);

insert into show_ads (ad_video_id, show_id) values (0, 19);

insert into show_ads (ad_video_id, show_id) values (10, 6);

insert into tickets_data (ticket_id, show_id, seat_id, ticket_payment_info, ticket_price, ticket_movie_session, ticket_seat_row_number, ticket_seat_number) values (5, 4, 16, 'RCF8BHVU0GLGLPUJA4AEUM IJ6299D41TGJPI7MLNB8SGS OO7L3F24IXQ4J6KIH', 10, '18QD4ID3 OUIMA59GEIB44WNUXGDJHB80H2 I 502BV18T6LPJIPOIB7YJ7OB40C', 9, 3);

insert into tickets_data (ticket_id, show_id, seat_id, ticket_payment_info, ticket_price, ticket_movie_session, ticket_seat_row_number, ticket_seat_number) values (18, 9, 12, 'YPGOI7 X6726UQRV2QRAOSP6SG8KJ5KONBNTL 2W3GGPKINE7B7W42BWQ0C9IOPQ', 9, '9R7YJRGXR24TA37HCF2N7A XUC6H706HWV68MOW610ENWFI15D4GP4HQIIB2GGYI', 7, 2);

insert into tickets_data (ticket_id, show_id, seat_id, ticket_payment_info, ticket_price, ticket_movie_session, ticket_seat_row_number, ticket_seat_number) values (9, 5, 18, 'PEP7YHUK5EYPY32 RRYFNT5OKB3NWAPSW1YDCOTXJC997CIULKE31IS53F9JUF7F', 15, 'TG2VNXV9LXU SF5LBMQM9BYR94RKC5UFO241M352IEDCA3GDU2YMD3V5WNH7QNWS', 6, 19);

insert into tickets_data (ticket_id, show_id, seat_id, ticket_payment_info, ticket_price, ticket_movie_session, ticket_seat_row_number, ticket_seat_number) values (11, 2, 17, ' 8P U4QGCK0IUEP APISB0868DFT9 D726P1XVKH3HP9YMNKL9MHLL1XVJAL53NF', 4, '89L1801 EVEP42WNNGNLXJ37IIEDV8Q82XYDI6BSQV39VAG2MRWDJG2XQKILSOPK', 11, 18);

insert into tickets_data (ticket_id, show_id, seat_id, ticket_payment_info, ticket_price, ticket_movie_session, ticket_seat_row_number, ticket_seat_number) values (12, 14, 3, '9M A CGP9O0BRV8R LG64NT565PF9BP90OX7P4UWNG1VTRE8DVDVMBJCT5UOBAIV', 16, 'S4PBARFQE4R KO2KKRRDRYEBEC7E2790M82U6RISI81VFHXTAM4TYLHXNEA3D86Q', 5, 4);

insert into tickets_data (ticket_id, show_id, seat_id, ticket_payment_info, ticket_price, ticket_movie_session, ticket_seat_row_number, ticket_seat_number) values (0, 19, 15, '619CML3JM 0NW1D1I1CK9MFVFFIVGTW3RSK2X HN6483UUICDXU45I97U1H17RDL', 18, 'U 39CBV6I7U3D0GU0DIRI9GI2I6LBX8X0T0CX YMWMFL7JWKJGRVBMDE0S8B0YQA', 14, 14);

insert into tickets_data (ticket_id, show_id, seat_id, ticket_payment_info, ticket_price, ticket_movie_session, ticket_seat_row_number, ticket_seat_number) values (1, 13, 2, 'EVADVTKB5UUFXGJG89GO945O6FUV6JJ5JP23NAHUDBEK1SDFCW7B ULLY4YS1J17', 11, 'Y78D4CF4E589QOLNGDHG5E075GNJFDR57G5LJKXS5EU3OMNBBBQL3AY3W MV69XU', 15, 6);

insert into tickets_data (ticket_id, show_id, seat_id, ticket_payment_info, ticket_price, ticket_movie_session, ticket_seat_row_number, ticket_seat_number) values (19, 0, 9, 'MOY8815P501YISTE9BW22B89QF070S4B0G712KRBRP01JK1CGK9F9JHK4WNLF8XL', 0, 'FUWDOV9HBQB7BD7K07OG95O9KS20ORQPEE8E7SGBOYOORJYILSARTKDS6YNO97J0', 0, 11);

insert into tickets_data (ticket_id, show_id, seat_id, ticket_payment_info, ticket_price, ticket_movie_session, ticket_seat_row_number, ticket_seat_number) values (10, 16, 10, 'LDY44669QLWNE1678LPJOKAW2IJ7H8KQ99 5UDABE3CTLOTJFCCEG1G03QCNKRG ', 14, 'KRGKECLWX8BL4F2D08M8K4HL8V8GBYMQRSMCM3XM5O3Y54CWAC19U0VLDBYG5B G', 17, 15);

insert into tickets_data (ticket_id, show_id, seat_id, ticket_payment_info, ticket_price, ticket_movie_session, ticket_seat_row_number, ticket_seat_number) values (16, 0, 14, '2O1PCLC8KHGI4GHEW5A57E4HD586N UU547JCHPKUSXR7GH  UUDA2KWNTXG26HV', 17, '  DVY3FGTDDJ C4JM M4Y17AEPQF0AXYVT0EJJBTREOEDHRCSQACVRVH0V9LOFOR', 10, 16);

insert into tickets_data (ticket_id, show_id, seat_id, ticket_payment_info, ticket_price, ticket_movie_session, ticket_seat_row_number, ticket_seat_number) values (17, 8, 6, 'H8XTVM3N4N3575J1BK EA2RVV48V6K31PUDMAOHE8TGW3CW1H6MXES735D7N57E8', 19, 'IVNE7O5EFWMYQU6YMRJ2IFAXALUKHJ9JQDP5U2UG0IXR7VP1 TL   6 RXFAHMDW', 19, 0);

insert into tickets_data (ticket_id, show_id, seat_id, ticket_payment_info, ticket_price, ticket_movie_session, ticket_seat_row_number, ticket_seat_number) values (4, 3, 1, 'YH6CT1015YLXQK8AKETJQ947CB3B3LYNK 0TK3TW4NBVIM8DJGI5E MW0SY4EKOG', 6, 'Q17 QEBV772A0ND5RTN6EI QIR6N Q7KUNUMGWJIPY3MYVPJ1DATWPGAWGSDMMCN', 13, 5);

insert into tickets_data (ticket_id, show_id, seat_id, ticket_payment_info, ticket_price, ticket_movie_session, ticket_seat_row_number, ticket_seat_number) values (15, 8, 13, 'GOCB43SPNO0KKCP4NGWA65QMG2B60F2OAAQ82BYEUR5F2RL6CLNKKAN3PSNE6NBX', 13, 'K9DU3545LS31H2NA1NPGACKKOX1EEU5H6MRST1N3H84NI25 IPVGHM6KTWTJHYSY', 2, 10);

insert into tickets_data (ticket_id, show_id, seat_id, ticket_payment_info, ticket_price, ticket_movie_session, ticket_seat_row_number, ticket_seat_number) values (13, 7, 5, 'FV XQ53CTKBK9H4O5SKTD0YKJRVWEP1B42RMGJN8UX8B9WT LVIQ7C12UNJQGVW6', 3, 'EI2VU0LYOBAFT7D1A7U1PUVQ2K JRG FR602R9F973AS8JOE3H066UQCKBF2H Y6', 12, 8);

insert into tickets_data (ticket_id, show_id, seat_id, ticket_payment_info, ticket_price, ticket_movie_session, ticket_seat_row_number, ticket_seat_number) values (7, 12, 19, 'H LQGQHDQYC6DMOXFYNHDHBR 29A76JSXP5  BY 9UMGJ6H5J7J5FC1D6PD0I63V', 8, '97MPUJWHW4P7OIVU7EF5MGUTVU8HDDVUH1EQ6WTTQH3MPIMHYJK4QBM9SU7BX 60', 18, 12);

insert into tickets_data (ticket_id, show_id, seat_id, ticket_payment_info, ticket_price, ticket_movie_session, ticket_seat_row_number, ticket_seat_number) values (6, 13, 8, 'H9AE8J5C3AYQ37VY01U5XBXL62UNAR26CPJYDJLQVU7OXQKSUK4O2Y664KIL9F01', 12, '3W5XNUXWGGH72CN4MMW0W0D8P72 6MOLS7YFW483THCUUS6RGV3RKV6V0ABX88 Q', 1, 13);

insert into tickets_data (ticket_id, show_id, seat_id, ticket_payment_info, ticket_price, ticket_movie_session, ticket_seat_row_number, ticket_seat_number) values (2, 14, 4, 'ELXAF0PF QGK9CQ7WWMHBLYOK4YX9XV5EPX48SW2XQWGLV 6FQKLK4LJD WC2WK9', 7, 'TDO97PKTN1FY5WBRMWE5TIL7EB4UN2K72CTHXVR2K98XM7G0XFO 14P3SP1HS5KH', 3, 1);

insert into tickets_data (ticket_id, show_id, seat_id, ticket_payment_info, ticket_price, ticket_movie_session, ticket_seat_row_number, ticket_seat_number) values (8, 4, 11, '36RGFK9PKU4HHCKH7CXUHDF85VLBXKNIKMJ9IXUG7HQ4OLN47IKWD8FYOITV2NDL', 2, 'OORAHB5PE3OBRKQ48EKU01NCWYJPXTM3DU9I9M7B81AREYBOVQQ7DIKM07T3RNA3', 16, 7);

insert into tickets_data (ticket_id, show_id, seat_id, ticket_payment_info, ticket_price, ticket_movie_session, ticket_seat_row_number, ticket_seat_number) values (3, 7, 0, '1XQT300AIAX6LE9X R C08HHW7KTVRU5HH0MXM4D6I1XUSLSEKT1SBYJNY5GRH3I', 5, ' NOCFU8CKU41DU13HSNWXFOCTXNQSBWUF5IKYU8504IQ150VQL5VIIKI2IUW4EM8', 4, 17);

insert into tickets_data (ticket_id, show_id, seat_id, ticket_payment_info, ticket_price, ticket_movie_session, ticket_seat_row_number, ticket_seat_number) values (14, 14, 7, 'HBS68F9KOVBJ5HUMO9E4WAGUT0TJ0QS4GE5Y4TY48XLPCGQ6I SDJXT3U2UHY394', 1, 'VUIX76DMNKK3RJUDLN51ICOUA61LG9ENVMKLTUKKD13D9O6EQ 5BV G9J9075LDY', 8, 9);

